Baseline_data_(from_ENTSO-E_max_values),Assumption,Baseline_+_Assumption,Commentaries,source
900.0,1.0,900.0,,https://eepublicdownloads.blob.core.windows.net/public-cdn-container/clean-documents/tyndp-documents/TYNDP2018/consultation/Main%20Report/TYNDP18%20Exec%20Report%20appendix.pdf
900.0,1.0,900.0,,
1900.0,1.0,1900.0,"1000MWbuiltin2030,additionalto2025capacities",
1900.0,1.0,1900.0,,
1900.0,1.0,1900.0,,
1900.0,1.0,1900.0,,
1900.0,1.0,1900.0,,
1900.0,1.0,1900.0,,
5000.0,1.0,5000.0,,
7000.0,1.0,7000.0,"2000MWbuildin2025,correspondingtoprojectsunderconstructionandexpectedtobecomeeffectiveby2025",
9500.0,1.0,9500.0,"500MWbuiltin2030,additionalto2025capacities",
7500.0,1.0,7500.0,,
10200.0,1.0,10200.0,"700MWbuiltin2040,additionalto2025capacities",
8200.0,1.0,8200.0,,
8200.0,1.0,8200.0,,
8200.0,1.0,8200.0,,
800.0,1.0,800.0,,https://transparency.entsoe.eu/transmission-domain/ntcDay/show?name=&defaultValue=false&viewType=TABLE&areaType=BORDER_BZN&atch=false&dateTime.dateTime=01.02.2021+00:00|CET|DAY&border.values=CTY|10YHU-MAVIR----U!BZN_BZN|10YHU-MAVIR----U_BZN_BZN|10YAT-APG------L&direction.values=Export&direction.values=Import&dateTime.timezone=CET_CEST&dateTime.timezone_input=CET+(UTC+1)+/+CEST+(UTC+2)
800.0,1.0,800.0,,
2800.0,1.0,2800.0,"2000MWbuildin2030,additionalto2025capacities",
2800.0,1.0,2800.0,,
2800.0,1.0,2800.0,,
2800.0,1.0,2800.0,,
2800.0,1.0,2800.0,,
2800.0,1.0,2800.0,,
405.0,1.0,405.0,,
795.0,1.0,795.0,"390MWbuiltin2025,correspondingtoprojectsunderconstructionandexpectedtobecomeeffectiveby2025",
1295.0,1.0,1295.0,"110MWbuiltin2030,additionalto2025capacities",
1295.0,1.0,1295.0,,
2295.0,1.0,2295.0,"1000MWbuiltin2040,additionalto2025capacities",
2295.0,1.0,2295.0,,
2295.0,1.0,2295.0,,
2295.0,1.0,2295.0,,
0.0,1.0,0.0,,
0.0,1.0,0.0,,
1000.0,1.0,1000.0,"1000MWbuiltin2030,additionalto2025capacities",
1000.0,1.0,1000.0,,
1000.0,1.0,1000.0,,
1000.0,1.0,1000.0,,
1000.0,1.0,1000.0,,
1000.0,1.0,1000.0,,
950.0,1.0,950.0,,
950.0,1.0,950.0,,
1950.0,1.0,1950.0,"1000MWbuiltin2030,additionalto2025capacities",
1950.0,1.0,1950.0,,
2950.0,1.0,2950.0,"1000MWbuiltin2040,additionalto2025capacities",
2950.0,1.0,2950.0,,
2950.0,1.0,2950.0,,
2950.0,1.0,2950.0,,
1200.0,1.0,1200.0,,
1200.0,1.0,1200.0,,
2200.0,1.0,2200.0,"1000MWbuiltin2030,additionalto2025capacities",
2200.0,1.0,2200.0,,
3200.0,1.0,3200.0,"1000MWbuiltin2040,additionalto2025capacities",
3200.0,1.0,3200.0,,
3200.0,1.0,3200.0,,
3200.0,1.0,3200.0,,
1850.0,1.0,1850.0,,https://www.elia.be/en/grid-data/transmission/yearly-capacity
3350.0,1.0,3350.0,1500MWbuiltby2025correspondingtoprojectsunderconstructionandexpectedtobecomeeffectiveby2025,
6350.0,1.0,6350.0,3000MWbuiltin2030additionalto2025,
6350.0,1.0,6350.0,,
7350.0,1.0,7350.0,"1000MWbuiltin2040,additionalto2025",
7350.0,1.0,7350.0,,
7350.0,1.0,7350.0,,
7350.0,1.0,7350.0,,
1000.0,1.0,1000.0,,https://www.elia.be/en/grid-data/transmission/yearly-capacity
2000.0,1.0,2000.0,"1000MW2025,correspondingtoprojectsunderconstructionandexpectedtobecomeeffectiveby2025",
2000.0,1.0,2000.0,,
2000.0,1.0,2000.0,,
2000.0,1.0,2000.0,,
2000.0,1.0,2000.0,,
2000.0,1.0,2000.0,,
2000.0,1.0,2000.0,,
1000.0,1.0,1000.0,,
1000.0,1.0,1000.0,,
1000.0,1.0,1000.0,,
1000.0,1.0,1000.0,,
1000.0,1.0,1000.0,,MaximumcapacityexpansionfromENTSO-E(+2000MW)
1000.0,1.0,1000.0,,
1000.0,1.0,1000.0,,
1000.0,1.0,1000.0,,
680.0,1.0,680.0,,https://www.elia.be/en/grid-data/transmission/yearly-capacity
1180.0,1.0,1180.0,"500MWbuiltby2025,correspondingtoprojectsunderconstructionandexpectedtobecomeeffectiveby2025",
1680.0,1.0,1680.0,"500MWbuiltin2030,additionalto2025capacities",
1680.0,1.0,1680.0,,
1680.0,1.0,1680.0,,
1680.0,1.0,1680.0,,
1680.0,1.0,1680.0,,
1680.0,1.0,1680.0,,
950.0,1.0,950.0,,https://www.elia.be/en/grid-data/transmission/yearly-capacity
1950.0,1.0,1950.0,"1000MW2025,correspondingtoprojectsunderconstructionandexpectedtobecomeeffectiveby2025",
3950.0,1.0,3950.0,"2000MW2030,additionalto2025capacities",
3950.0,1.0,3950.0,,
3950.0,1.0,3950.0,,
3950.0,1.0,3950.0,,
3950.0,1.0,3950.0,,
3950.0,1.0,3950.0,,
750.0,1.0,750.0,,
750.0,1.0,750.0,,
750.0,1.0,750.0,,
750.0,1.0,750.0,,
1894.0,1.0,1894.0,"1144MWbuiltin2040,additionalto2025capacities",
1894.0,1.0,1894.0,,
1894.0,1.0,1894.0,,
1894.0,1.0,1894.0,,
0.0,1.0,0.0,,ENTSOEGridmap
0.0,1.0,0.0,,https://tyndp-data.netlify.app/tyndp2018/projects/projects/28
0.0,1.0,0.0,,
0.0,1.0,0.0,,
0.0,1.0,0.0,,
0.0,1.0,0.0,,
0.0,1.0,0.0,,
0.0,1.0,0.0,,
600.0,1.0,600.0,,https://transparency.entsoe.eu/transmission-domain/ntcYear/show?name=&defaultValue=false&viewType=TABLE&areaType=BORDER_BZN&atch=false&dateTime.dateTime=01.01.2022+00:00|UTC|YEAR&border.values=CTY|10YCS-SERBIATSOV!BZN_BZN|10YCS-SERBIATSOV_BZN_BZN|10YCA-BULGARIA-R&direction.values=Export&direction.values=Import
600.0,1.0,600.0,,
600.0,1.0,600.0,,
600.0,1.0,600.0,,
1950.0,1.0,1950.0,"1350MWbuiltin2040,additionalto2025capacities",
1950.0,1.0,1950.0,,
1950.0,1.0,1950.0,,
1950.0,1.0,1950.0,,
600.0,1.0,600.0,,https://www.admie.gr/en/node/87500?amp=
1400.0,1.0,1400.0,"800MWbuiltin2025,correspondingtoprojectsunderconstructionandexpectedtobecomeeffectiveby2025",
1400.0,1.0,1400.0,,
1400.0,1.0,1400.0,,
2400.0,1.0,2400.0,"1000MWbuiltin2040,additionalto2025capacities",
2400.0,1.0,2400.0,,
2400.0,1.0,2400.0,,
2400.0,1.0,2400.0,,
400.0,1.0,400.0,,https://transparency.entsoe.eu/transmission-domain/physicalFlow/show?name=&defaultValue=false&viewType=TABLE&areaType=BORDER_BZN&atch=false&dateTime.dateTime=29.12.2021+00:00|CET|DAY&border.values=CTY|10YMK-MEPSO----8!BZN_BZN|10YMK-MEPSO----8_BZN_BZN|10YCA-BULGARIA-R&dateTime.timezone=CET_CEST&dateTime.timezone_input=CET+(UTC+1)+/+CEST+(UTC+2)
400.0,1.0,400.0,,
400.0,1.0,400.0,,
400.0,1.0,400.0,,
400.0,1.0,400.0,,MaximumcapacityexpansionfromENTSO-E(+1500MW)from2020
400.0,1.0,400.0,,
400.0,1.0,400.0,,
400.0,1.0,400.0,,
300.0,1.0,300.0,,
900.0,1.0,900.0,"600MWbuiltin2025,correspondingtoprojectsunderconstructionandexpectedtobecomeeffectiveby2025",
1900.0,1.0,1900.0,"1000MWbuiltin2030,additionalto2025capacities",
1900.0,1.0,1900.0,,
3400.0,1.0,3400.0,"1500MWbuiltin2040,additionalto2025capacities",
3400.0,1.0,3400.0,,
3400.0,1.0,3400.0,,
3400.0,1.0,3400.0,,
500.0,1.0,500.0,,https://transparency.entsoe.eu/transmission-domain/ntcYear/show?name=&defaultValue=false&viewType=TABLE&areaType=BORDER_BZN&atch=false&dateTime.dateTime=01.01.2022+00:00|UTC|YEAR&border.values=CTY|10YCS-SERBIATSOV!BZN_BZN|10YCS-SERBIATSOV_BZN_BZN|10YCA-BULGARIA-R&direction.values=Export&direction.values=Import
1344.0,1.0,1344.0,"844MWbuilyin2025,correspondingtoprojectsunderconstructionandexpectedtobecomeeffectiveby2025",
1844.0,1.0,1844.0,"500MWbuiltin2030,additionalto2025capacities",
1844.0,1.0,1844.0,,
2574.0,1.0,2574.0,"730MWbuiltin2040,additionalto2025capacities",
2574.0,1.0,2574.0,,
2574.0,1.0,2574.0,,
2574.0,1.0,2574.0,,
0.0,1.0,0.0,,
0.0,1.0,0.0,,
0.0,1.0,0.0,,
0.0,1.0,0.0,,
0.0,1.0,0.0,,
0.0,1.0,0.0,,
0.0,1.0,0.0,,
0.0,1.0,0.0,,
0.0,1.0,0.0,,
0.0,1.0,0.0,,
0.0,1.0,0.0,,
0.0,1.0,0.0,,
0.0,1.0,0.0,,
0.0,1.0,0.0,,
0.0,1.0,0.0,,
0.0,1.0,0.0,,
600.0,1.0,600.0,,https://transparency.entsoe.eu/transmission-domain/ntcYear/show?name=&defaultValue=false&viewType=TABLE&areaType=BORDER_BZN&atch=false&dateTime.dateTime=01.01.2022+00:00|UTC|YEAR&border.values=CTY|10YCS-SERBIATSOV!BZN_BZN|10YCS-SERBIATSOV_BZN_BZN|10YHR-HEP------M&direction.values=Export&direction.values=Import
600.0,1.0,600.0,,
2200.0,1.0,2200.0,"1600MWbuiltin2030,additionalto2025capacities",
2200.0,1.0,2200.0,,
2200.0,1.0,2200.0,,
2200.0,1.0,2200.0,,
2200.0,1.0,2200.0,,
2200.0,1.0,2200.0,,
1500.0,1.0,1500.0,,
1650.0,1.0,1650.0,"150MWbuiltin2025,correspondingtoprojectsunderconstructionandexpectedtobecomeeffectiveby2025",
1650.0,1.0,1650.0,,
1650.0,1.0,1650.0,,
3650.0,1.0,3650.0,"2000MWbuiltin2040,additionalto2025capacities",
3650.0,1.0,3650.0,,
3650.0,1.0,3650.0,,
3650.0,1.0,3650.0,,
2100.0,1.0,2100.0,,
2600.0,1.0,2600.0,"500MWbuiltin2025,correspondingtoprojectsunderconstructionandexpectedtobecomeeffectiveby2025",
3100.0,1.0,3100.0,"500MW2030,additionalto2025capacities",
3100.0,1.0,3100.0,,
4250.0,1.0,4250.0,"1150MW2040,additionalto2025capacities",
4250.0,1.0,4250.0,,
4250.0,1.0,4250.0,,
4250.0,1.0,4250.0,,
800.0,1.0,800.0,,
800.0,1.0,800.0,,
800.0,1.0,800.0,,
800.0,1.0,800.0,,
1800.0,1.0,1800.0,"1000MW2040,additionalto2025capacities",
1800.0,1.0,1800.0,,
1800.0,1.0,1800.0,,
1800.0,1.0,1800.0,,
1800.0,1.0,1800.0,,
1800.0,1.0,1800.0,,
1800.0,1.0,1800.0,,
1800.0,1.0,1800.0,,
2300.0,1.0,2300.0,"500MW2040,additionalto2025capacities",
2300.0,1.0,2300.0,,
2300.0,1.0,2300.0,,
2300.0,1.0,2300.0,,
1400.0,1.0,1400.0,,
2800.0,1.0,2800.0,"1400MW2025,correspondingtoprojectsunderconstructionandexpectedtobecomeeffectiveby2025",
2800.0,1.0,2800.0,,
2800.0,1.0,2800.0,,
2800.0,1.0,2800.0,,
2800.0,1.0,2800.0,,
2800.0,1.0,2800.0,,
2800.0,1.0,2800.0,,
700.0,1.0,700.0,,
700.0,1.0,700.0,,
700.0,1.0,700.0,,
700.0,1.0,700.0,,
700.0,1.0,700.0,,
700.0,1.0,700.0,,
700.0,1.0,700.0,,
700.0,1.0,700.0,,
1632.0,1.0,1632.0,,TIMES
1632.0,1.0,1632.0,,
1632.0,1.0,1632.0,,
1632.0,1.0,1632.0,,
1632.0,1.0,1632.0,,
1632.0,1.0,1632.0,,
1632.0,1.0,1632.0,,
1632.0,1.0,1632.0,,
0.0,1.0,0.0,,
0.0,1.0,0.0,,
600.0,1.0,600.0,"600MW2030,additionalto2025capacities",
600.0,1.0,600.0,,
600.0,1.0,600.0,,
600.0,1.0,600.0,,
600.0,1.0,600.0,,
600.0,1.0,600.0,,
2716.0,1.0,2716.0,,
2716.0,1.0,2716.0,,
3216.0,1.0,3216.0,"500MW2030,additionalto2025capacities",
3216.0,1.0,3216.0,,
3216.0,1.0,3216.0,,
3216.0,1.0,3216.0,,
3216.0,1.0,3216.0,,
3216.0,1.0,3216.0,,
1016.0,1.0,1016.0,,
1016.0,1.0,1016.0,,
1016.0,1.0,1016.0,,
1016.0,1.0,1016.0,,
1516.0,1.0,1516.0,"500MW2040,additionalto2025capacities",
1516.0,1.0,1516.0,,
1516.0,1.0,1516.0,,
1516.0,1.0,1516.0,,
900.0,1.0,900.0,,
1500.0,1.0,1500.0,"600MW2025,correspondingtoprojectsunderconstructionandexpectedtobecomeeffectiveby2025",
1500.0,1.0,1500.0,,
1500.0,1.0,1500.0,,
2000.0,1.0,2000.0,"500MW2040,additionalto2025capacities",
2000.0,1.0,2000.0,,
2000.0,1.0,2000.0,,
2000.0,1.0,2000.0,,
0.0,1.0,0.0,,
0.0,1.0,0.0,,
0.0,1.0,0.0,,
0.0,1.0,0.0,,
0.0,1.0,0.0,,
0.0,1.0,0.0,,
0.0,1.0,0.0,,
0.0,1.0,0.0,,
0.0,1.0,0.0,TIMESInitialcapacity,
0.0,1.0,0.0,,
1500.0,1.0,1500.0,1500MW2030,
1500.0,1.0,1500.0,,
1500.0,1.0,1500.0,,
1500.0,1.0,1500.0,,
1500.0,1.0,1500.0,,
1500.0,1.0,1500.0,,
2300.0,1.0,2300.0,,
3200.0,1.0,3200.0,"900MW2025,correspondingtoprojectsunderconstructionandexpectedtobecomeeffectiveby2025",
4000.0,1.0,4000.0,"800MW2030,additionalto2025capacities",
4000.0,1.0,4000.0,,
4200.0,1.0,4200.0,"200MW2040,additionalto2025capacities",
4200.0,1.0,4200.0,,
4200.0,1.0,4200.0,,
4200.0,1.0,4200.0,,
2000.0,1.0,2000.0,,
3000.0,1.0,3000.0,"1000MW2025,correspondingtoprojectsunderconstructionandexpectedtobecomeeffectiveby2025",
4400.0,1.0,4400.0,"1400MW2030,additional2025capacities",
4400.0,1.0,4400.0,,
7800.0,1.0,7800.0,"1400MW2040,additional2025capacities",
7800.0,1.0,7800.0,,
7800.0,1.0,7800.0,,
7800.0,1.0,7800.0,,
0.0,1.0,0.0,,
0.0,1.0,0.0,,
699.999999999999,1.0,699.999999999999,"700MW2030,additionalto2025capacities",
699.999999999999,1.0,699.999999999999,,
1400.0,1.0,1400.0,"700MW2040,additionalto2025capacities",
1400.0,1.0,1400.0,,
1400.0,1.0,1400.0,,
1400.0,1.0,1400.0,,
4350.0,1.0,4350.0,,
5550.0,1.0,5550.0,"1200MW2025,correspondingtoprojectsunderconstructionandexpectedtobecomeeffectiveby2025",
7350.0,1.0,7350.0,"2000MW2030,additionalto2025capacities",
7350.0,1.0,7350.0,,
7350.0,1.0,7350.0,,
7350.0,1.0,7350.0,,
7350.0,1.0,7350.0,,
7350.0,1.0,7350.0,,
380.0,1.0,380.0,,"<-ExistingcapacitySotelMoulaine,0isdatafrom2014;However,thereisnotmarketdatainENTSOE,assumeitfollowstheoriginaldata"
380.0,1.0,380.0,,
380.0,1.0,380.0,,
380.0,1.0,380.0,,
380.0,1.0,380.0,,
380.0,1.0,380.0,,
380.0,1.0,380.0,,
380.0,1.0,380.0,,
2765.0,1.0,2765.0,,
4765.0,1.0,4765.0,"2000MW2025,correspondingtoprojectsunderconstructionandexpectedtobecomeeffectiveby2025",
4765.0,1.0,4765.0,,
4765.0,1.0,4765.0,,
4765.0,1.0,4765.0,,
4765.0,1.0,4765.0,,
4765.0,1.0,4765.0,,
4765.0,1.0,4765.0,,
2300.0,1.0,2300.0,,
2300.0,1.0,2300.0,,
4100.0,1.0,4100.0,"1800MW2030,additionalcapacity2025",
4100.0,1.0,4100.0,,
4100.0,1.0,4100.0,,
4100.0,1.0,4100.0,,
4100.0,1.0,4100.0,,
4100.0,1.0,4100.0,,
2300.0,1.0,2300.0,,<-InitialCapacity
2300.0,1.0,2300.0,,
2300.0,1.0,2300.0,,
2300.0,1.0,2300.0,,
2300.0,1.0,2300.0,,
2300.0,1.0,2300.0,,
2300.0,1.0,2300.0,,
2300.0,1.0,2300.0,,
4250.0,1.0,4250.0,,
5150.0,1.0,5150.0,"900MW2025,correspondingtoprojectsunderconstructionandexpectedtobecomeeffectiveby2025",
5150.0,1.0,5150.0,,
5150.0,1.0,5150.0,,
6150.0,1.0,6150.0,"1000MW2040,additionalto2025capacities",
6150.0,1.0,6150.0,,
6150.0,1.0,6150.0,,
6150.0,1.0,6150.0,,
1400.0,1.0,1400.0,,TIMESInitialcapacity
2800.0,1.0,2800.0,1400MW2025,
2800.0,1.0,2800.0,,
2800.0,1.0,2800.0,,
2800.0,1.0,2800.0,,
2800.0,1.0,2800.0,,
2800.0,1.0,2800.0,,
2800.0,1.0,2800.0,,
3500.0,1.0,3500.0,,
5500.0,1.0,5500.0,"2000MW2025,correspondingtoprojectsunderconstructionandexpectedtobecomeeffectiveby2025",
10000.0,1.0,10000.0,"4500MW2030,additionalto2025",
10000.0,1.0,10000.0,,
10400.0,1.0,10400.0,"400MW2040,additionalto2025",
10400.0,1.0,10400.0,,
10400.0,1.0,10400.0,,
10400.0,1.0,10400.0,,
615.0,1.0,615.0,,
615.0,1.0,615.0,,
1715.0,1.0,1715.0,"700MW2030,additionalto2025capacities",
1715.0,1.0,1715.0,,
1715.0,1.0,1715.0,,
1715.0,1.0,1715.0,,
1715.0,1.0,1715.0,,
1715.0,1.0,1715.0,NoconnectionsbetweenGBandGermany?1400MWinthereport,
500.0,1.0,500.0,,
1450.0,1.0,1450.0,"950MW2025,correspondingtoprojects…",
2450.0,1.0,2450.0,"1000MW2030,additionalto2025",
2450.0,1.0,2450.0,,
2450.0,1.0,2450.0,,
2450.0,1.0,2450.0,,
2450.0,1.0,2450.0,,
2450.0,1.0,2450.0,,
1000.0,1.0,1000.0,,
1000.0,1.0,1000.0,,
1000.0,1.0,1000.0,,
1000.0,1.0,1000.0,,
3000.0,1.0,3000.0,2000MW2040,
3000.0,1.0,3000.0,,
3000.0,1.0,3000.0,,
3000.0,1.0,3000.0,,
0.0,1.0,0.0,,TIMES
1400.0,1.0,1400.0,,
1400.0,1.0,1400.0,,
1400.0,1.0,1400.0,,
1400.0,1.0,1400.0,,
1400.0,1.0,1400.0,,
1400.0,1.0,1400.0,,
1400.0,1.0,1400.0,,
0.0,1.0,0.0,,<-NorthConnect
0.0,1.0,0.0,,
1400.0,1.0,1400.0,,Assumedtheprojectgoeson(1400MW)
1400.0,1.0,1400.0,,
1400.0,1.0,1400.0,,
1400.0,1.0,1400.0,,
1400.0,1.0,1400.0,,
1400.0,1.0,1400.0,,
500.0,1.0,500.0,,
500.0,1.0,500.0,,
500.0,1.0,500.0,,
500.0,1.0,500.0,,
1500.0,1.0,1500.0,1000MW2040,
1500.0,1.0,1500.0,,
1500.0,1.0,1500.0,,
1500.0,1.0,1500.0,,
1100.0,1.0,1100.0,,
1100.0,1.0,1100.0,,
2100.0,1.0,2100.0,"1000MW2030,additionalto2025",
2100.0,1.0,2100.0,,
2600.0,1.0,2600.0,"500MW2040,additionalto2025capacities",
2600.0,1.0,2600.0,,
2600.0,1.0,2600.0,,
2600.0,1.0,2600.0,,
1100.0,1.0,1100.0,,
1717.0,1.0,1717.0,617MW2025,
2834.0,1.0,2834.0,1117MW2030,<--Project259-HU-RO
2834.0,1.0,2834.0,,
2834.0,1.0,2834.0,,
2834.0,1.0,2834.0,,
2834.0,1.0,2834.0,,
2834.0,1.0,2834.0,,
600.0,1.0,600.0,,https://transparency.entsoe.eu/transmission-domain/ntcYear/show?name=&defaultValue=false&viewType=TABLE&areaType=BORDER_BZN&atch=false&dateTime.dateTime=01.01.2022+00:00|UTC|YEAR&border.values=CTY|10YCS-SERBIATSOV!BZN_BZN|10YCS-SERBIATSOV_BZN_BZN|10YHU-MAVIR----U&direction.values=Export&direction.values=Import
600.0,1.0,600.0,,
1600.0,1.0,1600.0,1000MW2030,
1600.0,1.0,1600.0,,
2100.0,1.0,2100.0,500MW2040,MaximumcapacityexpansionfromENTSO-E(1500MW)
2100.0,1.0,2100.0,,
2100.0,1.0,2100.0,,
2100.0,1.0,2100.0,,
2000.0,1.0,2000.0,,
3300.0,1.0,3300.0,1300MW2025,
3300.0,1.0,3300.0,,
3300.0,1.0,3300.0,,
4800.0,1.0,4800.0,1500MW2040,
4800.0,1.0,4800.0,,
4800.0,1.0,4800.0,,
4800.0,1.0,4800.0,,
0.0,1.0,0.0,,<--GridMap
1200.0,1.0,1200.0,"1200MW2025,correspondingtoprojectsunderconstructionandexpectedtobecomeeffectiveby2025",
1200.0,1.0,1200.0,,
1200.0,1.0,1200.0,,
2200.0,1.0,2200.0,"1000MW2040,additionalto2025capacities",
2200.0,1.0,2200.0,,
2200.0,1.0,2200.0,,
2200.0,1.0,2200.0,,
730.0,1.0,730.0,,
1930.0,1.0,1930.0,"1200MW2025,correspondingtoprojectsunderconstructionandexpectedtobecomeeffectiveby2025",
1930.0,1.0,1930.0,,<--Project150-Italy-Slovenia(1000MW)
1930.0,1.0,1930.0,,
2930.0,1.0,2930.0,"1000MW2040,additionalto2025capacities",MaximumcapacityexpansionfromENTSO-E(1000MW)
2930.0,1.0,2930.0,,
2930.0,1.0,2930.0,,
2930.0,1.0,2930.0,,
0.0,1.0,0.0,,<--GridMap
0.0,1.0,0.0,,
0.0,1.0,0.0,,
0.0,1.0,0.0,,
0.0,1.0,0.0,,NocapacityexpansionfromENTSO-E
0.0,1.0,0.0,,
0.0,1.0,0.0,,
0.0,1.0,0.0,,
1500.0,1.0,1500.0,,
1500.0,1.0,1500.0,,
1500.0,1.0,1500.0,,
1500.0,1.0,1500.0,,
1500.0,1.0,1500.0,,
1500.0,1.0,1500.0,,
1500.0,1.0,1500.0,,
1500.0,1.0,1500.0,,
500.0,1.0,500.0,,
1000.0,1.0,1000.0,500MW2025,
1000.0,1.0,1000.0,,
1000.0,1.0,1000.0,,
1700.0,1.0,1700.0,700MW2040,
1700.0,1.0,1700.0,,
1700.0,1.0,1700.0,,
1700.0,1.0,1700.0,,
700.0,1.0,700.0,,
700.0,1.0,700.0,,
700.0,1.0,700.0,,
700.0,1.0,700.0,,
700.0,1.0,700.0,,
700.0,1.0,700.0,,
700.0,1.0,700.0,,
700.0,1.0,700.0,,
800.0,1.0,800.0,,https://transparency.entsoe.eu/transmission-domain/ntcYear/show?name=&defaultValue=false&viewType=TABLE&areaType=BORDER_BZN&atch=false&dateTime.dateTime=01.01.2022+00:00|UTC|YEAR&border.values=CTY|10YCS-SERBIATSOV!BZN_BZN|10YCS-SERBIATSOV_BZN_BZN|10YMK-MEPSO----8&direction.values=Export&direction.values=Import
800.0,1.0,800.0,,
2300.0,1.0,2300.0,1500MW2030,
2300.0,1.0,2300.0,,
2300.0,1.0,2300.0,,
2300.0,1.0,2300.0,,
2300.0,1.0,2300.0,,
2300.0,1.0,2300.0,,
723.0,1.0,723.0,,TIMES
723.0,1.0,723.0,,
723.0,1.0,723.0,,
723.0,1.0,723.0,,
723.0,1.0,723.0,,
723.0,1.0,723.0,,
723.0,1.0,723.0,,
723.0,1.0,723.0,,
3500.0,1.0,3500.0,,TIMES
3500.0,1.0,3500.0,,
3500.0,1.2,4200.0,20%increase,
3500.0,1.2,4200.0,,
3500.0,1.2,4200.0,,
3500.0,1.2,4200.0,,
3500.0,1.2,4200.0,,
3500.0,1.2,4200.0,,
500.0,1.0,500.0,,TIMES
500.0,1.0,500.0,,
500.0,1.2,600.0,20%increase,
500.0,1.2,600.0,,
500.0,1.2,600.0,,
500.0,1.2,600.0,,
500.0,1.2,600.0,,
500.0,1.2,600.0,,
3900.0,1.0,3900.0,,TIMES
3900.0,1.0,3900.0,,
3900.0,1.2,4680.0,20%increase,
3900.0,1.2,4680.0,,
3900.0,1.2,4680.0,,
3900.0,1.2,4680.0,,
3900.0,1.2,4680.0,,
3900.0,1.2,4680.0,,
2145.0,1.0,2145.0,,TIMES
2145.0,1.0,2145.0,,
3645.0,1.0,3645.0,,
3645.0,1.0,3645.0,,
3645.0,1.0,3645.0,,
3645.0,1.0,3645.0,,
3645.0,1.0,3645.0,,
3645.0,1.0,3645.0,,
600.0,1.0,600.0,,TIMES
600.0,1.0,600.0,,
600.0,1.2,720.0,20%increase,
600.0,1.2,720.0,,
600.0,1.2,720.0,,
600.0,1.2,720.0,,
600.0,1.2,720.0,,
600.0,1.2,720.0,,
1200.0,1.0,1200.0,,TIMES
1200.0,1.0,1200.0,,
1200.0,1.2,1440.0,20%increase,
1200.0,1.2,1440.0,,
1200.0,1.2,1440.0,,
1200.0,1.2,1440.0,,
1200.0,1.2,1440.0,,
1200.0,1.2,1440.0,,
500.0,1.0,500.0,,TIMES
500.0,1.0,500.0,,
500.0,1.2,600.0,20%increase,
500.0,1.2,600.0,,
500.0,1.2,600.0,,
500.0,1.2,600.0,,
500.0,1.2,600.0,,
500.0,1.2,600.0,,
1000.0,1.0,1000.0,,
1000.0,1.0,1000.0,,
2500.0,1.0,2500.0,,
2500.0,1.0,2500.0,,
2500.0,1.0,2500.0,,
2500.0,1.0,2500.0,,
2500.0,1.0,2500.0,,
2500.0,1.0,2500.0,,
1000.0,1.0,1000.0,,
1000.0,1.0,1000.0,,
4000.0,1.0,4000.0,,
4000.0,1.0,4000.0,,
4000.0,1.0,4000.0,,
4000.0,1.0,4000.0,,
4000.0,1.0,4000.0,,
4000.0,1.0,4000.0,,
990.0,1.0,990.0,,
990.0,1.0,990.0,,
990.0,1.0,990.0,,
990.0,1.0,990.0,,
2490.0,1.0,2490.0,1500MW2040,
2490.0,1.0,2490.0,,
2490.0,1.0,2490.0,,
2490.0,1.0,2490.0,,
600.0,1.0,600.0,,
600.0,1.0,600.0,,
600.0,1.0,600.0,,
600.0,1.0,600.0,,
2100.0,1.0,2100.0,1500MW2040,
2100.0,1.0,2100.0,,
2100.0,1.0,2100.0,,
2100.0,1.0,2100.0,,
1132.0,1.0,1132.0,,Electricityinterconnectionswithneighbouringcountries
1976.0,1.0,1976.0,844MW2025,https://tyndp-data.netlify.app/tyndp2018/projects/projects/144
1976.0,1.0,1976.0,,
1976.0,1.0,1976.0,,
3098.0,1.0,3098.0,1122MW2040,
3098.0,1.0,3098.0,,
3098.0,1.0,3098.0,,
3098.0,1.0,3098.0,,
2800.0,1.0,2800.0,,<--https://aleasoft.com/spain-imports-electricity-france-2018/
5000.0,1.0,5000.0,2200MW2025,
6500.0,1.0,6500.0,1500MW2030,
6500.0,1.0,6500.0,,
10000.0,1.0,10000.0,3500MW2040,
10000.0,1.0,10000.0,,
10000.0,1.0,10000.0,,
10000.0,1.0,10000.0,,
0.0,1.0,0.0,,NocapacityexpansionfromENTSO-E
0.0,1.0,0.0,,
0.0,1.0,0.0,,
0.0,1.0,0.0,,
0.0,1.0,0.0,,
0.0,1.0,0.0,,
0.0,1.0,0.0,,
0.0,1.0,0.0,,
4200.0,1.0,4200.0,,<--RedElectricaEspañola
6100.0,1.0,6100.0,1900MW2025,
6100.0,1.0,6100.0,,
6100.0,1.0,6100.0,,
10100.0,1.0,10100.0,4000MW2040,
10100.0,1.0,10100.0,,
10100.0,1.0,10100.0,,
10100.0,1.0,10100.0,,
3150.0,1.0,3150.0,,
3150.0,1.0,3150.0,,
4650.0,1.0,4650.0,1500MW2030,
4650.0,1.0,4650.0,,
6650.0,1.0,6650.0,2000MW2040,
6650.0,1.0,6650.0,,
6650.0,1.0,6650.0,,
6650.0,1.0,6650.0,,
4600.0,1.0,4600.0,,
5400.0,1.0,5400.0,800MW2025,
8500.0,1.0,8500.0,3100MW2030,
8500.0,1.0,8500.0,,
8500.0,1.0,8500.0,,
8500.0,1.0,8500.0,,
8500.0,1.0,8500.0,,
8500.0,1.0,8500.0,,
4240.0,1.0,4240.0,,<--TernaNTCvalues
4240.0,1.0,4240.0,,
5440.0,1.0,5440.0,1200MW2030,
5440.0,1.0,5440.0,,
5440.0,1.0,5440.0,,
5440.0,1.0,5440.0,,
5440.0,1.0,5440.0,,
5440.0,1.0,5440.0,,
,,,,
,,,,
,,,,
,,,,
,,,,
,,,,
,,,,
,,,,
,,,,
,,,,
,,,,
,,,,
,,,,
,,,,
,,,,
,,,,
,,,,
,,,,
,,,,
,,,,
,,,,
,,,,
,,,,
,,,,
,,,,
,,,,
,,,,
,,,,
,,,,
,,,,
,,,,
,,,,
,,,,
,,,,
,,,,
,,,,
,,,,
,,,,
,,,,
,,,,
,,,,
,,,,
,,,,
,,,,
,,,,
,,,,
,,,,
,,,,
,,,,
,,,,
,,,,
,,,,
,,,,
,,,,
,,,,
,,,,
,,,,
,,,,
,,,,
,,,,
,,,,
,,,,
,,,,
,,,,
,,,,
,,,,
,,,,
,,,,
,,,,
,,,,
,,,,
,,,,
,,,,
,,,,
,,,,
,,,,
,,,,
,,,,
,,,,
,,,,
,,,,
,,,,
,,,,
,,,,
,,,,
,,,,
,,,,
,,,,
,,,,
,,,,
,,,,
,,,,
,,,,
,,,,
,,,,
,,,,
,,,,
,,,,
,,,,
,,,,
,,,,
,,,,
,,,,
,,,,
,,,,
,,,,
,,,,
,,,,
,,,,
,,,,
,,,,
,,,,
,,,,
,,,,
,,,,
,,,,
,,,,
,,,,
,,,,
,,,,
,,,,
,,,,
,,,,
,,,,
,,,,
,,,,
,,,,
,,,,
,,,,
,,,,
,,,,
,,,,
,,,,
,,,,
,,,,
,,,,
,,,,
,,,,
,,,,
,,,,
,,,,
,,,,
,,,,
,,,,
,,,,
,,,,
,,,,
,,,,
,,,,
,,,,
,,,,
,,,,
,,,,
,,,,
,,,,
,,,,
,,,,
,,,,
,,,,
,,,,
,,,,
,,,,
,,,,
,,,,
,,,,
,,,,
,,,,
,,,,
,,,,
,,,,
,,,,
,,,,
,,,,
,,,,
,,,,
,,,,
,,,,
,,,,
,,,,
,,,,
,,,,
,,,,
,,,,
,,,,
,,,,
,,,,
,,,,
,,,,
,,,,
,,,,
,,,,
,,,,
,,,,
,,,,
,,,,
,,,,
,,,,
,,,,
,,,,
,,,,
,,,,
,,,,
,,,,
,,,,
,,,,
,,,,
,,,,
,,,,
,,,,
,,,,
,,,,
,,,,
,,,,
,,,,
,,,,
,,,,
,,,,
,,,,
,,,,
,,,,
,,,,
,,,,
,,,,
,,,,
,,,,
,,,,
,,,,
,,,,
,,,,
,,,,
,,,,
,,,,
,,,,
,,,,
,,,,
,,,,
,,,,
,,,,
,,,,
,,,,
,,,,
,,,,
,,,,
,,,,
,,,,
,,,,
,,,,
,,,,
,,,,
,,,,
,,,,
,,,,
,,,,
,,,,
,,,,
,,,,
,,,,
,,,,
,,,,
,,,,
,,,,
,,,,
,,,,
,,,,
,,,,
,,,,
,,,,
,,,,
,,,,
,,,,
,,,,
,,,,
,,,,
,,,,
,,,,
,,,,
,,,,
,,,,
,,,,
,,,,
,,,,
,,,,
,,,,
,,,,
,,,,
,,,,
,,,,
,,,,
,,,,
,,,,
,,,,
,,,,
,,,,
,,,,
,,,,
,,,,
,,,,
,,,,
,,,,
,,,,
,,,,
,,,,
,,,,
,,,,
,,,,
,,,,
,,,,
,,,,
,,,,
,,,,
,,,,
,,,,
,,,,
,,,,
,,,,
,,,,
,,,,
,,,,
,,,,
,,,,
,,,,
,,,,
,,,,
,,,,
,,,,
,,,,
,,,,
,,,,
,,,,
,,,,
,,,,
,,,,
,,,,
,,,,
,,,,
,,,,
,,,,
,,,,
,,,,
,,,,
,,,,
,,,,
,,,,
,,,,
,,,,
,,,,
,,,,
,,,,
,,,,
,,,,
,,,,
,,,,
,,,,
,,,,
,,,,
,,,,
,,,,
,,,,
,,,,
,,,,
,,,,
,,,,
,,,,
,,,,
,,,,
,,,,
,,,,
,,,,
,,,,
,,,,
,,,,
,,,,
,,,,
,,,,
,,,,
,,,,
,,,,
,,,,
,,,,
,,,,
,,,,
,,,,
,,,,
,,,,
,,,,
,,,,
,,,,
,,,,
,,,,
,,,,
,,,,
,,,,
,,,,
,,,,
,,,,
,,,,
,,,,
,,,,
,,,,
,,,,
,,,,
,,,,
,,,,
,,,,
,,,,
,,,,
,,,,
,,,,
,,,,
,,,,
,,,,
,,,,
,,,,
,,,,
,,,,
,,,,
,,,,
,,,,
,,,,
,,,,
,,,,
,,,,
,,,,
,,,,
,,,,
,,,,
,,,,
,,,,
,,,,
,,,,
,,,,
,,,,
,,,,
,,,,
,,,,
,,,,
,,,,
,,,,
,,,,
,,,,
,,,,
,,,,
,,,,
,,,,
,,,,
,,,,
,,,,
,,,,
,,,,
,,,,
,,,,
,,,,
,,,,
,,,,
,,,,
,,,,
,,,,
,,,,
,,,,
,,,,
,,,,
,,,,
,,,,
,,,,
,,,,
,,,,
,,,,
,,,,
,,,,
,,,,
,,,,
,,,,
,,,,
,,,,
,,,,
,,,,
,,,,
,,,,
,,,,
,,,,
,,,,
,,,,
,,,,
,,,,
,,,,
,,,,
,,,,
,,,,
,,,,
,,,,
,,,,
,,,,
,,,,
,,,,
,,,,
,,,,
,,,,
,,,,
,,,,
,,,,
,,,,
,,,,
,,,,
,,,,
,,,,
,,,,
,,,,
,,,,
,,,,
,,,,
,,,,
,,,,
,,,,
,,,,
,,,,
,,,,
,,,,
,,,,
,,,,
,,,,
,,,,
,,,,
,,,,
,,,,
,,,,
,,,,
,,,,
,,,,
,,,,
,,,,
,,,,
,,,,
,,,,
,,,,
,,,,
,,,,
,,,,
,,,,
,,,,
,,,,
,,,,
,,,,
,,,,
,,,,
,,,,
,,,,
,,,,
,,,,
,,,,
,,,,
,,,,
,,,,
,,,,
,,,,
,,,,
,,,,
,,,,
,,,,
,,,,
,,,,
,,,,
,,,,
,,,,
,,,,
,,,,
,,,,
,,,,
,,,,
,,,,
,,,,
,,,,
,,,,
,,,,
,,,,
,,,,
,,,,
,,,,
,,,,
,,,,
,,,,
,,,,
,,,,
,,,,
,,,,
,,,,
,,,,
,,,,
,,,,
,,,,
,,,,
,,,,
,,,,
,,,,
,,,,
,,,,
,,,,
,,,,
,,,,
,,,,
,,,,
,,,,
,,,,
,,,,
,,,,
,,,,
,,,,
,,,,
,,,,
,,,,
,,,,
,,,,
,,,,
,,,,
,,,,
,,,,
,,,,
,,,,
,,,,
,,,,
,,,,
,,,,
,,,,
,,,,
,,,,
,,,,
,,,,
,,,,
,,,,
,,,,
,,,,
,,,,
,,,,
,,,,
,,,,
,,,,
,,,,
,,,,
,,,,
,,,,
,,,,
,,,,
,,,,
,,,,
,,,,
,,,,
,,,,
,,,,
,,,,
,,,,
,,,,
,,,,
,,,,
,,,,
,,,,
,,,,
,,,,
,,,,
,,,,
,,,,
,,,,
,,,,
,,,,
,,,,
,,,,
,,,,
,,,,
,,,,
,,,,
,,,,
,,,,
,,,,
,,,,
,,,,
,,,,
,,,,
,,,,
,,,,
,,,,
,,,,
,,,,
,,,,
,,,,
,,,,
,,,,
,,,,
,,,,
,,,,
,,,,
,,,,
,,,,
,,,,
,,,,
,,,,
,,,,
,,,,
,,,,
,,,,
,,,,
,,,,
,,,,
,,,,
,,,,
,,,,
,,,,
,,,,
,,,,
,,,,
,,,,
,,,,
,,,,
,,,,
,,,,
,,,,
,,,,
,,,,
,,,,
,,,,
,,,,
,,,,
,,,,
,,,,
,,,,
,,,,
,,,,
,,,,
,,,,
,,,,
,,,,
,,,,
,,,,
,,,,
,,,,
,,,,
,,,,
,,,,
,,,,
,,,,
,,,,
,,,,
,,,,
,,,,
,,,,
,,,,
,,,,
,,,,
,,,,
,,,,
,,,,
,,,,
,,,,
,,,,
,,,,
,,,,
,,,,
,,,,
,,,,
,,,,
,,,,
,,,,
,,,,
,,,,
,,,,
,,,,
,,,,
,,,,
,,,,
,,,,
,,,,
,,,,
,,,,
,,,,
,,,,
,,,,
,,,,
,,,,
,,,,
,,,,
,,,,
,,,,
,,,,
,,,,
,,,,
,,,,
,,,,
,,,,
,,,,
,,,,
,,,,
,,,,
,,,,
,,,,
,,,,
,,,,
,,,,
,,,,
,,,,
,,,,
,,,,
,,,,
,,,,
,,,,
,,,,
,,,,
,,,,
,,,,
,,,,
,,,,
,,,,
,,,,
,,,,
,,,,
,,,,
,,,,
,,,,
,,,,
,,,,
,,,,
,,,,
,,,,
,,,,
,,,,
,,,,
,,,,
,,,,
,,,,
,,,,
,,,,
,,,,
,,,,
,,,,
,,,,
,,,,
,,,,
,,,,
,,,,
,,,,
,,,,
,,,,
,,,,
,,,,
,,,,
,,,,
,,,,
,,,,
,,,,
,,,,
,,,,
,,,,
,,,,
,,,,
,,,,
,,,,
,,,,
,,,,
,,,,
,,,,
,,,,
,,,,
,,,,
,,,,
,,,,
,,,,
,,,,
,,,,
