Node,Generator
BosniaH,Liginiteexisting
Bulgaria,Liginiteexisting
CzechR,Liginiteexisting
Germany,Liginiteexisting
Estonia,Liginiteexisting
Greece,Liginiteexisting
Hungary,Liginiteexisting
Ireland,Liginiteexisting
Macedonia,Liginiteexisting
Poland,Liginiteexisting
Romania,Liginiteexisting
Serbia,Liginiteexisting
Slovenia,Liginiteexisting
Slovakia,Liginiteexisting
BosniaH,Lignite
Bulgaria,Lignite
CzechR,Lignite
Germany,Lignite
Estonia,Lignite
Greece,Lignite
Hungary,Lignite
Ireland,Lignite
Macedonia,Lignite
Poland,Lignite
Romania,Lignite
Serbia,Lignite
Slovenia,Lignite
Slovakia,Lignite
BosniaH,LigniteCCSadv
Bulgaria,LigniteCCSadv
CzechR,LigniteCCSadv
Germany,LigniteCCSadv
Estonia,LigniteCCSadv
Greece,LigniteCCSadv
Hungary,LigniteCCSadv
Ireland,LigniteCCSadv
Macedonia,LigniteCCSadv
Poland,LigniteCCSadv
Romania,LigniteCCSadv
Serbia,LigniteCCSadv
Slovenia,LigniteCCSadv
Slovakia,LigniteCCSadv
Austria,Coalexisting
BosniaH,Coalexisting
Bulgaria,Coalexisting
CzechR,Coalexisting
Germany,Coalexisting
Denmark,Coalexisting
Spain,Coalexisting
Finland,Coalexisting
France,Coalexisting
GreatBrit.,Coalexisting
Croatia,Coalexisting
Hungary,Coalexisting
Ireland,Coalexisting
Italy,Coalexisting
Latvia,Coalexisting
Netherlands,Coalexisting
Poland,Coalexisting
Portugal,Coalexisting
Romania,Coalexisting
Sweden,Coalexisting
Slovenia,Coalexisting
Slovakia,Coalexisting
Austria,Coal
BosniaH,Coal
Belgium,Coal
Bulgaria,Coal
CzechR,Coal
Germany,Coal
Denmark,Coal
Spain,Coal
Finland,Coal
France,Coal
GreatBrit.,Coal
Croatia,Coal
Hungary,Coal
Ireland,Coal
Italy,Coal
Latvia,Coal
Netherlands,Coal
Poland,Coal
Portugal,Coal
Romania,Coal
Sweden,Coal
Slovenia,Coal
Slovakia,Coal
Austria,CoalCCSadv
BosniaH,CoalCCSadv
Belgium,CoalCCSadv
Bulgaria,CoalCCSadv
CzechR,CoalCCSadv
Germany,CoalCCSadv
Denmark,CoalCCSadv
Spain,CoalCCSadv
Finland,CoalCCSadv
France,CoalCCSadv
GreatBrit.,CoalCCSadv
Croatia,CoalCCSadv
Hungary,CoalCCSadv
Ireland,CoalCCSadv
Italy,CoalCCSadv
Latvia,CoalCCSadv
Netherlands,CoalCCSadv
Poland,CoalCCSadv
Portugal,CoalCCSadv
Romania,CoalCCSadv
Sweden,CoalCCSadv
Slovenia,CoalCCSadv
Slovakia,CoalCCSadv
Austria,Gasexisting
Belgium,Gasexisting
Bulgaria,Gasexisting
CzechR,Gasexisting
Germany,Gasexisting
Denmark,Gasexisting
Estonia,Gasexisting
Spain,Gasexisting
Finland,Gasexisting
France,Gasexisting
GreatBrit.,Gasexisting
Greece,Gasexisting
Croatia,Gasexisting
Hungary,Gasexisting
Ireland,Gasexisting
Italy,Gasexisting
Lithuania,Gasexisting
Luxemb.,Gasexisting
Latvia,Gasexisting
Netherlands,Gasexisting
Poland,Gasexisting
Portugal,Gasexisting
Romania,Gasexisting
Serbia,Gasexisting
Sweden,Gasexisting
Slovenia,Gasexisting
Slovakia,Gasexisting
Austria,GasOCGT
Belgium,GasOCGT
Bulgaria,GasOCGT
Switzerland,GasOCGT
CzechR,GasOCGT
Germany,GasOCGT
Denmark,GasOCGT
Estonia,GasOCGT
Spain,GasOCGT
Finland,GasOCGT
France,GasOCGT
GreatBrit.,GasOCGT
Greece,GasOCGT
Croatia,GasOCGT
Hungary,GasOCGT
Ireland,GasOCGT
Italy,GasOCGT
Lithuania,GasOCGT
Luxemb.,GasOCGT
Latvia,GasOCGT
Netherlands,GasOCGT
Poland,GasOCGT
Portugal,GasOCGT
Romania,GasOCGT
Serbia,GasOCGT
Sweden,GasOCGT
Slovenia,GasOCGT
Slovakia,GasOCGT
Austria,GasCCGT
Belgium,GasCCGT
Bulgaria,GasCCGT
Switzerland,GasCCGT
CzechR,GasCCGT
Germany,GasCCGT
Denmark,GasCCGT
Estonia,GasCCGT
Spain,GasCCGT
Finland,GasCCGT
France,GasCCGT
GreatBrit.,GasCCGT
Greece,GasCCGT
Croatia,GasCCGT
Hungary,GasCCGT
Ireland,GasCCGT
Italy,GasCCGT
Lithuania,GasCCGT
Luxemb.,GasCCGT
Latvia,GasCCGT
Netherlands,GasCCGT
Poland,GasCCGT
Portugal,GasCCGT
Romania,GasCCGT
Serbia,GasCCGT
Sweden,GasCCGT
Slovenia,GasCCGT
Slovakia,GasCCGT
Austria,GasCCSadv
Belgium,GasCCSadv
Bulgaria,GasCCSadv
Switzerland,GasCCSadv
CzechR,GasCCSadv
Germany,GasCCSadv
Denmark,GasCCSadv
Estonia,GasCCSadv
Spain,GasCCSadv
Finland,GasCCSadv
France,GasCCSadv
GreatBrit.,GasCCSadv
Greece,GasCCSadv
Croatia,GasCCSadv
Hungary,GasCCSadv
Ireland,GasCCSadv
Italy,GasCCSadv
Lithuania,GasCCSadv
Luxemb.,GasCCSadv
Latvia,GasCCSadv
Netherlands,GasCCSadv
Poland,GasCCSadv
Portugal,GasCCSadv
Romania,GasCCSadv
Serbia,GasCCSadv
Sweden,GasCCSadv
Slovenia,GasCCSadv
Slovakia,GasCCSadv
Austria,Oilexisting
BosniaH,Oilexisting
Belgium,Oilexisting
Bulgaria,Oilexisting
Switzerland,Oilexisting
CzechR,Oilexisting
Germany,Oilexisting
Denmark,Oilexisting
Estonia,Oilexisting
Spain,Oilexisting
Finland,Oilexisting
France,Oilexisting
GreatBrit.,Oilexisting
Croatia,Oilexisting
Hungary,Oilexisting
Ireland,Oilexisting
Italy,Oilexisting
Lithuania,Oilexisting
Latvia,Oilexisting
Macedonia,Oilexisting
Portugal,Oilexisting
Sweden,Oilexisting
Slovenia,Oilexisting
Slovakia,Oilexisting
Austria,Bioexisting
BosniaH,Bioexisting
Belgium,Bioexisting
Bulgaria,Bioexisting
Switzerland,Bioexisting
CzechR,Bioexisting
Germany,Bioexisting
Denmark,Bioexisting
Estonia,Bioexisting
Spain,Bioexisting
Finland,Bioexisting
France,Bioexisting
GreatBrit.,Bioexisting
Greece,Bioexisting
Hungary,Bioexisting
Ireland,Bioexisting
Italy,Bioexisting
Lithuania,Bioexisting
Luxemb.,Bioexisting
Latvia,Bioexisting
Netherlands,Bioexisting
Poland,Bioexisting
Portugal,Bioexisting
Romania,Bioexisting
Sweden,Bioexisting
Slovenia,Bioexisting
Slovakia,Bioexisting
Austria,Bio10cofiring
Belgium,Bio10cofiring
Bulgaria,Bio10cofiring
Switzerland,Bio10cofiring
CzechR,Bio10cofiring
Germany,Bio10cofiring
Denmark,Bio10cofiring
Estonia,Bio10cofiring
Spain,Bio10cofiring
Finland,Bio10cofiring
France,Bio10cofiring
GreatBrit.,Bio10cofiring
Greece,Bio10cofiring
Croatia,Bio10cofiring
Hungary,Bio10cofiring
Ireland,Bio10cofiring
Italy,Bio10cofiring
Lithuania,Bio10cofiring
Luxemb.,Bio10cofiring
Latvia,Bio10cofiring
Netherlands,Bio10cofiring
Poland,Bio10cofiring
Portugal,Bio10cofiring
Romania,Bio10cofiring
Serbia,Bio10cofiring
Sweden,Bio10cofiring
Slovenia,Bio10cofiring
Slovakia,Bio10cofiring
Finland,Wave
France,Wave
GreatBrit.,Wave
Ireland,Wave
Portugal,Wave
Austria,Geo
CzechR,Geo
Germany,Geo
France,Geo
Greece,Geo
Hungary,Geo
Italy,Geo
Latvia,Geo
Portugal,Geo
Slovakia,Geo
Austria,Hydroregulated
BosniaH,Hydroregulated
Bulgaria,Hydroregulated
Switzerland,Hydroregulated
CzechR,Hydroregulated
Germany,Hydroregulated
Spain,Hydroregulated
France,Hydroregulated
GreatBrit.,Hydroregulated
Greece,Hydroregulated
Hungary,Hydroregulated
Croatia,Hydroregulated
Italy,Hydroregulated
Luxemb.,Hydroregulated
Macedonia,Hydroregulated
Poland,Hydroregulated
Portugal,Hydroregulated
Romania,Hydroregulated
Serbia,Hydroregulated
Sweden,Hydroregulated
Slovakia,Hydroregulated
Austria,Hydrorun-of-the-river
Belgium,Hydrorun-of-the-river
Bulgaria,Hydrorun-of-the-river
Switzerland,Hydrorun-of-the-river
CzechR,Hydrorun-of-the-river
Germany,Hydrorun-of-the-river
Denmark,Hydrorun-of-the-river
Estonia,Hydrorun-of-the-river
Spain,Hydrorun-of-the-river
Finland,Hydrorun-of-the-river
France,Hydrorun-of-the-river
Greece,Hydrorun-of-the-river
Hungary,Hydrorun-of-the-river
Ireland,Hydrorun-of-the-river
Italy,Hydrorun-of-the-river
Luxemb.,Hydrorun-of-the-river
Latvia,Hydrorun-of-the-river
Netherlands,Hydrorun-of-the-river
Poland,Hydrorun-of-the-river
Portugal,Hydrorun-of-the-river
Romania,Hydrorun-of-the-river
Sweden,Hydrorun-of-the-river
Slovenia,Hydrorun-of-the-river
Austria,Bio
BosniaH,Bio
Belgium,Bio
Bulgaria,Bio
Switzerland,Bio
CzechR,Bio
Germany,Bio
Spain,Bio
France,Bio
GreatBrit.,Bio
Greece,Bio
Croatia,Bio
Hungary,Bio
Ireland,Bio
Italy,Bio
Lithuania,Bio
Luxemb.,Bio
Poland,Bio
Portugal,Bio
Romania,Bio
Serbia,Bio
Sweden,Bio
Slovakia,Bio
Austria,Windonshore
BosniaH,Windonshore
Belgium,Windonshore
Bulgaria,Windonshore
Switzerland,Windonshore
CzechR,Windonshore
Germany,Windonshore
Denmark,Windonshore
Estonia,Windonshore
Spain,Windonshore
Finland,Windonshore
France,Windonshore
GreatBrit.,Windonshore
Greece,Windonshore
Croatia,Windonshore
Hungary,Windonshore
Ireland,Windonshore
Italy,Windonshore
Lithuania,Windonshore
Luxemb.,Windonshore
Latvia,Windonshore
Macedonia,Windonshore
Netherlands,Windonshore
Poland,Windonshore
Portugal,Windonshore
Romania,Windonshore
Serbia,Windonshore
Sweden,Windonshore
Slovenia,Windonshore
Slovakia,Windonshore
Belgium,Windoffshoregrounded
Germany,Windoffshoregrounded
Denmark,Windoffshoregrounded
Finland,Windoffshoregrounded
Spain,Windoffshoregrounded
France,Windoffshoregrounded
GreatBrit.,Windoffshoregrounded
Ireland,Windoffshoregrounded
Netherlands,Windoffshoregrounded
Sweden,Windoffshoregrounded
Austria,Solar
BosniaH,Solar
Belgium,Solar
Bulgaria,Solar
Switzerland,Solar
CzechR,Solar
Germany,Solar
Denmark,Solar
Estonia,Solar
Spain,Solar
Finland,Solar
France,Solar
GreatBrit.,Solar
Greece,Solar
Croatia,Solar
Hungary,Solar
Ireland,Solar
Italy,Solar
Lithuania,Solar
Luxemb.,Solar
Latvia,Solar
Macedonia,Solar
Netherlands,Solar
Poland,Solar
Portugal,Solar
Romania,Solar
Serbia,Solar
Sweden,Solar
Slovenia,Solar
Slovakia,Solar
Austria,Bio10cofiringCCS
Belgium,Bio10cofiringCCS
Bulgaria,Bio10cofiringCCS
Switzerland,Bio10cofiringCCS
CzechR,Bio10cofiringCCS
Germany,Bio10cofiringCCS
Denmark,Bio10cofiringCCS
Estonia,Bio10cofiringCCS
Spain,Bio10cofiringCCS
Finland,Bio10cofiringCCS
France,Bio10cofiringCCS
GreatBrit.,Bio10cofiringCCS
Greece,Bio10cofiringCCS
Croatia,Bio10cofiringCCS
Hungary,Bio10cofiringCCS
Ireland,Bio10cofiringCCS
Italy,Bio10cofiringCCS
Lithuania,Bio10cofiringCCS
Luxemb.,Bio10cofiringCCS
Latvia,Bio10cofiringCCS
Netherlands,Bio10cofiringCCS
Poland,Bio10cofiringCCS
Portugal,Bio10cofiringCCS
Romania,Bio10cofiringCCS
Serbia,Bio10cofiringCCS
Sweden,Bio10cofiringCCS
Slovenia,Bio10cofiringCCS
Slovakia,Bio10cofiringCCS
BosniaH,LigniteCCSsup
Germany,LigniteCCSsup
Poland,LigniteCCSsup
Romania,LigniteCCSsup
Slovenia,LigniteCCSsup
Germany,CoalCCS
Spain,CoalCCS
France,CoalCCS
GreatBrit.,CoalCCS
Italy,CoalCCS
Netherlands,CoalCCS
Poland,CoalCCS
Romania,CoalCCS
Germany,GasCCS
Spain,GasCCS
France,GasCCS
GreatBrit.,GasCCS
Italy,GasCCS
Netherlands,GasCCS
Poland,GasCCS
Romania,GasCCS
NO1,Gasexisting
NO2,Gasexisting
NO3,Gasexisting
NO4,Gasexisting
NO5,Gasexisting
NO1,GasOCGT
NO2,GasOCGT
NO3,GasOCGT
NO4,GasOCGT
NO5,GasOCGT
NO1,GasCCGT
NO2,GasCCGT
NO3,GasCCGT
NO4,GasCCGT
NO5,GasCCGT
NO1,GasCCSadv
NO2,GasCCSadv
NO3,GasCCSadv
NO4,GasCCSadv
NO5,GasCCSadv
NO1,Bio10cofiring
NO2,Bio10cofiring
NO3,Bio10cofiring
NO4,Bio10cofiring
NO5,Bio10cofiring
NO1,Hydroregulated
NO2,Hydroregulated
NO3,Hydroregulated
NO4,Hydroregulated
NO5,Hydroregulated
NO1,Hydrorun-of-the-river
NO2,Hydrorun-of-the-river
NO3,Hydrorun-of-the-river
NO4,Hydrorun-of-the-river
NO5,Hydrorun-of-the-river
NO1,Bio
NO2,Bio
NO3,Bio
NO4,Bio
NO5,Bio
NO1,Windonshore
NO2,Windonshore
NO3,Windonshore
NO4,Windonshore
NO5,Windonshore
NO2,Windoffshoregrounded
NO3,Windoffshoregrounded
NO4,Windoffshoregrounded
NO5,Windoffshoregrounded
NO1,Solar
NO2,Solar
NO3,Solar
NO4,Solar
NO5,Solar
NO1,Bio10cofiringCCS
NO2,Bio10cofiringCCS
NO3,Bio10cofiringCCS
NO4,Bio10cofiringCCS
NO5,Bio10cofiringCCS
NO1,GasCCS
NO2,GasCCS
NO3,GasCCS
NO4,GasCCS
NO5,GasCCS
Austria,Waste
BosniaH,Waste
Belgium,Waste
Bulgaria,Waste
Switzerland,Waste
CzechR,Waste
Germany,Waste
Denmark,Waste
Estonia,Waste
Spain,Waste
Finland,Waste
France,Waste
GreatBrit.,Waste
Greece,Waste
Croatia,Waste
Hungary,Waste
Ireland,Waste
Italy,Waste
Lithuania,Waste
Luxemb.,Waste
Latvia,Waste
Macedonia,Waste
Netherlands,Waste
NO1,Waste
NO2,Waste
NO3,Waste
NO4,Waste
NO5,Waste
Poland,Waste
Portugal,Waste
Romania,Waste
Serbia,Waste
Sweden,Waste
Slovenia,Waste
Slovakia,Waste
Spain,Liginiteexisting
GreatBrit.,Hydrorun-of-the-river
Croatia,Bioexisting
Croatia,Hydrorun-of-the-river
Croatia,Geo
Lithuania,Liginiteexisting
Lithuania,Hydrorun-of-the-river
Macedonia,Gasexisting
Macedonia,Hydrorun-of-the-river
Macedonia,Bioexisting
Poland,Oilexisting
Serbia,Hydrorun-of-the-river
Slovakia,Hydrorun-of-the-river
BosniaH,Hydrorun-of-the-river
NO1,Bioexisting
NO2,Bioexisting
NO3,Bioexisting
NO4,Bioexisting
NO5,Bioexisting
MorayFirth,Windoffshoregrounded
FirthofForth,Windoffshoregrounded
DoggerBank,Windoffshoregrounded
Hornsea,Windoffshoregrounded
OuterDowsing,Windoffshoregrounded
Norfolk,Windoffshoregrounded
EastAnglia,Windoffshoregrounded
Borssele,Windoffshoregrounded
HollandseeKust,Windoffshoregrounded
HelgolanderBucht,Windoffshoregrounded
Nordsoen,Windoffshoregrounded
UtsiraNord,Windoffshoregrounded
SorligeNordsjoI,Windoffshoregrounded
SorligeNordsjoII,Windoffshoregrounded
Belgium,Windoffshorefloating
Germany,Windoffshorefloating
Denmark,Windoffshorefloating
Finland,Windoffshorefloating
Spain,Windoffshorefloating
France,Windoffshorefloating
GreatBrit.,Windoffshorefloating
Ireland,Windoffshorefloating
Netherlands,Windoffshorefloating
Sweden,Windoffshorefloating
NO2,Windoffshorefloating
NO3,Windoffshorefloating
NO4,Windoffshorefloating
NO5,Windoffshorefloating
MorayFirth,Windoffshorefloating
FirthofForth,Windoffshorefloating
DoggerBank,Windoffshorefloating
Hornsea,Windoffshorefloating
OuterDowsing,Windoffshorefloating
Norfolk,Windoffshorefloating
EastAnglia,Windoffshorefloating
Borssele,Windoffshorefloating
HollandseeKust,Windoffshorefloating
HelgolanderBucht,Windoffshorefloating
Nordsoen,Windoffshorefloating
UtsiraNord,Windoffshorefloating
SorligeNordsjoI,Windoffshorefloating
SorligeNordsjoII,Windoffshorefloating
Austria,Nuclear
BosniaH,Nuclear
Belgium,Nuclear
Bulgaria,Nuclear
Switzerland,Nuclear
CzechR,Nuclear
Germany,Nuclear
Denmark,Nuclear
Estonia,Nuclear
Spain,Nuclear
Finland,Nuclear
France,Nuclear
GreatBrit.,Nuclear
Greece,Nuclear
Croatia,Nuclear
Hungary,Nuclear
Ireland,Nuclear
Italy,Nuclear
Lithuania,Nuclear
Luxemb.,Nuclear
Latvia,Nuclear
Macedonia,Nuclear
Netherlands,Nuclear
Poland,Nuclear
Portugal,Nuclear
Romania,Nuclear
Serbia,Nuclear
Sweden,Nuclear
Slovenia,Nuclear
Slovakia,Nuclear
NO1,Nuclear
NO2,Nuclear
NO3,Nuclear
NO4,Nuclear
NO5,Nuclear
