Nodes,StorageTypes,Period,EnergyInitialCapacity
Austria,HydroPumpStorage,1,124704.0
BosniaH,HydroPumpStorage,1,2199.34
Belgium,HydroPumpStorage,1,7762.5
Bulgaria,HydroPumpStorage,1,1499.2
Switzerland,HydroPumpStorage,1,368989.0
CzechR,HydroPumpStorage,1,6723.5
Germany,HydroPumpStorage,1,38626.0
Spain,HydroPumpStorage,1,1530150.91
France,HydroPumpStorage,1,184296.0
GreatBrit.,HydroPumpStorage,1,33432.0
Greece,HydroPumpStorage,1,21190.44
Croatia,HydroPumpStorage,1,21190.44
Hungary,HydroPumpStorage,1,1499.2
Ireland,HydroPumpStorage,1,2199.34
Italy,HydroPumpStorage,1,38626.0
Lithuania,HydroPumpStorage,1,49280.0
Luxemb.,HydroPumpStorage,1,6120.0
NO1,HydroPumpStorage,1,1417.4082
NO2,HydroPumpStorage,1,3598.0362
NO3,HydroPumpStorage,1,1635.4709999999998
NO4,HydroPumpStorage,1,1962.5651999999998
NO5,HydroPumpStorage,1,2289.6594
Poland,HydroPumpStorage,1,10903.14
Portugal,HydroPumpStorage,1,107254.08
Romania,HydroPumpStorage,1,3686.3928
Serbia,HydroPumpStorage,1,21190.44
Sweden,HydroPumpStorage,1,2199.34
Slovenia,HydroPumpStorage,1,2700.0
Slovakia,HydroPumpStorage,1,3686.3928
Austria,HydroPumpStorage,2,124704.0
BosniaH,HydroPumpStorage,2,2199.34
Belgium,HydroPumpStorage,2,7762.5
Bulgaria,HydroPumpStorage,2,1499.2
Switzerland,HydroPumpStorage,2,368989.0
CzechR,HydroPumpStorage,2,6723.5
Germany,HydroPumpStorage,2,38626.0
Spain,HydroPumpStorage,2,1530150.91
France,HydroPumpStorage,2,184296.0
GreatBrit.,HydroPumpStorage,2,33432.0
Greece,HydroPumpStorage,2,21190.44
Croatia,HydroPumpStorage,2,21190.44
Hungary,HydroPumpStorage,2,1499.2
Ireland,HydroPumpStorage,2,2199.34
Italy,HydroPumpStorage,2,38626.0
Lithuania,HydroPumpStorage,2,49280.0
Luxemb.,HydroPumpStorage,2,6120.0
NO1,HydroPumpStorage,2,1417.4082
NO2,HydroPumpStorage,2,3598.0362
NO3,HydroPumpStorage,2,1635.4709999999998
NO4,HydroPumpStorage,2,1962.5651999999998
NO5,HydroPumpStorage,2,2289.6594
Poland,HydroPumpStorage,2,10903.14
Portugal,HydroPumpStorage,2,107254.08
Romania,HydroPumpStorage,2,3686.3928
Serbia,HydroPumpStorage,2,21190.44
Sweden,HydroPumpStorage,2,2199.34
Slovakia,HydroPumpStorage,2,3686.3928
Austria,HydroPumpStorage,3,124704.0
BosniaH,HydroPumpStorage,3,2199.34
Belgium,HydroPumpStorage,3,7762.5
Bulgaria,HydroPumpStorage,3,1499.2
Switzerland,HydroPumpStorage,3,368989.0
CzechR,HydroPumpStorage,3,6723.5
Germany,HydroPumpStorage,3,38626.0
Spain,HydroPumpStorage,3,1530150.91
France,HydroPumpStorage,3,184296.0
GreatBrit.,HydroPumpStorage,3,33432.0
Greece,HydroPumpStorage,3,21190.44
Croatia,HydroPumpStorage,3,21190.44
Hungary,HydroPumpStorage,3,1499.2
Ireland,HydroPumpStorage,3,2199.34
Italy,HydroPumpStorage,3,38626.0
Lithuania,HydroPumpStorage,3,49280.0
Luxemb.,HydroPumpStorage,3,6120.0
NO1,HydroPumpStorage,3,1417.4082
NO2,HydroPumpStorage,3,3598.0362
NO3,HydroPumpStorage,3,1635.4709999999998
NO4,HydroPumpStorage,3,1962.5651999999998
NO5,HydroPumpStorage,3,2289.6594
Poland,HydroPumpStorage,3,10903.14
Portugal,HydroPumpStorage,3,107254.08
Romania,HydroPumpStorage,3,3686.3928
Serbia,HydroPumpStorage,3,21190.44
Sweden,HydroPumpStorage,3,2199.34
Slovakia,HydroPumpStorage,3,3686.3928
Austria,HydroPumpStorage,4,124704.0
BosniaH,HydroPumpStorage,4,2199.34
Belgium,HydroPumpStorage,4,7762.5
Bulgaria,HydroPumpStorage,4,1499.2
Switzerland,HydroPumpStorage,4,368989.0
CzechR,HydroPumpStorage,4,6723.5
Germany,HydroPumpStorage,4,38626.0
Spain,HydroPumpStorage,4,1530150.91
France,HydroPumpStorage,4,184296.0
GreatBrit.,HydroPumpStorage,4,33432.0
Greece,HydroPumpStorage,4,21190.44
Croatia,HydroPumpStorage,4,21190.44
Hungary,HydroPumpStorage,4,1499.2
Ireland,HydroPumpStorage,4,2199.34
Italy,HydroPumpStorage,4,38626.0
Lithuania,HydroPumpStorage,4,49280.0
Luxemb.,HydroPumpStorage,4,6120.0
NO1,HydroPumpStorage,4,1417.4082
NO2,HydroPumpStorage,4,3598.0362
NO3,HydroPumpStorage,4,1635.4709999999998
NO4,HydroPumpStorage,4,1962.5651999999998
NO5,HydroPumpStorage,4,2289.6594
Poland,HydroPumpStorage,4,10903.14
Portugal,HydroPumpStorage,4,107254.08
Romania,HydroPumpStorage,4,3686.3928
Serbia,HydroPumpStorage,4,21190.44
Sweden,HydroPumpStorage,4,2199.34
Slovakia,HydroPumpStorage,4,3686.3928
Austria,HydroPumpStorage,5,124704.0
BosniaH,HydroPumpStorage,5,2199.34
Belgium,HydroPumpStorage,5,7762.5
Bulgaria,HydroPumpStorage,5,1499.2
Switzerland,HydroPumpStorage,5,368989.0
CzechR,HydroPumpStorage,5,6723.5
Germany,HydroPumpStorage,5,38626.0
Spain,HydroPumpStorage,5,1530150.91
France,HydroPumpStorage,5,184296.0
GreatBrit.,HydroPumpStorage,5,33432.0
Greece,HydroPumpStorage,5,21190.44
Croatia,HydroPumpStorage,5,21190.44
Hungary,HydroPumpStorage,5,1499.2
Ireland,HydroPumpStorage,5,2199.34
Italy,HydroPumpStorage,5,38626.0
Lithuania,HydroPumpStorage,5,49280.0
Luxemb.,HydroPumpStorage,5,6120.0
NO1,HydroPumpStorage,5,1417.4082
NO2,HydroPumpStorage,5,3598.0362
NO3,HydroPumpStorage,5,1635.4709999999998
NO4,HydroPumpStorage,5,1962.5651999999998
NO5,HydroPumpStorage,5,2289.6594
Poland,HydroPumpStorage,5,10903.14
Portugal,HydroPumpStorage,5,107254.08
Romania,HydroPumpStorage,5,3686.3928
Serbia,HydroPumpStorage,5,21190.44
Sweden,HydroPumpStorage,5,2199.34
Slovakia,HydroPumpStorage,5,3686.3928
Austria,HydroPumpStorage,6,124704.0
BosniaH,HydroPumpStorage,6,2199.34
Belgium,HydroPumpStorage,6,7762.5
Bulgaria,HydroPumpStorage,6,1499.2
Switzerland,HydroPumpStorage,6,368989.0
CzechR,HydroPumpStorage,6,6723.5
Germany,HydroPumpStorage,6,38626.0
Spain,HydroPumpStorage,6,1530150.91
France,HydroPumpStorage,6,184296.0
GreatBrit.,HydroPumpStorage,6,33432.0
Greece,HydroPumpStorage,6,21190.44
Croatia,HydroPumpStorage,6,21190.44
Hungary,HydroPumpStorage,6,1499.2
Ireland,HydroPumpStorage,6,2199.34
Italy,HydroPumpStorage,6,38626.0
Lithuania,HydroPumpStorage,6,49280.0
Luxemb.,HydroPumpStorage,6,6120.0
NO1,HydroPumpStorage,6,1417.4082
NO2,HydroPumpStorage,6,3598.0362
NO3,HydroPumpStorage,6,1635.4709999999998
NO4,HydroPumpStorage,6,1962.5651999999998
NO5,HydroPumpStorage,6,2289.6594
Poland,HydroPumpStorage,6,10903.14
Portugal,HydroPumpStorage,6,107254.08
Romania,HydroPumpStorage,6,3686.3928
Serbia,HydroPumpStorage,6,21190.44
Sweden,HydroPumpStorage,6,2199.34
Slovakia,HydroPumpStorage,6,3686.3928
Austria,HydroPumpStorage,7,124704.0
BosniaH,HydroPumpStorage,7,2199.34
Belgium,HydroPumpStorage,7,7762.5
Bulgaria,HydroPumpStorage,7,1499.2
Switzerland,HydroPumpStorage,7,368989.0
CzechR,HydroPumpStorage,7,6723.5
Germany,HydroPumpStorage,7,38626.0
Spain,HydroPumpStorage,7,1530150.91
France,HydroPumpStorage,7,184296.0
GreatBrit.,HydroPumpStorage,7,33432.0
Greece,HydroPumpStorage,7,21190.44
Croatia,HydroPumpStorage,7,21190.44
Hungary,HydroPumpStorage,7,1499.2
Ireland,HydroPumpStorage,7,2199.34
Italy,HydroPumpStorage,7,38626.0
Lithuania,HydroPumpStorage,7,49280.0
Luxemb.,HydroPumpStorage,7,6120.0
NO1,HydroPumpStorage,7,1417.4082
NO2,HydroPumpStorage,7,3598.0362
NO3,HydroPumpStorage,7,1635.4709999999998
NO4,HydroPumpStorage,7,1962.5651999999998
NO5,HydroPumpStorage,7,2289.6594
Poland,HydroPumpStorage,7,10903.14
Portugal,HydroPumpStorage,7,107254.08
Romania,HydroPumpStorage,7,3686.3928
Serbia,HydroPumpStorage,7,21190.44
Sweden,HydroPumpStorage,7,2199.34
Slovakia,HydroPumpStorage,7,3686.3928
Austria,HydroPumpStorage,8,124704.0
BosniaH,HydroPumpStorage,8,2199.34
Belgium,HydroPumpStorage,8,7762.5
Bulgaria,HydroPumpStorage,8,1499.2
Switzerland,HydroPumpStorage,8,368989.0
CzechR,HydroPumpStorage,8,6723.5
Germany,HydroPumpStorage,8,38626.0
Spain,HydroPumpStorage,8,1530150.91
France,HydroPumpStorage,8,184296.0
GreatBrit.,HydroPumpStorage,8,33432.0
Greece,HydroPumpStorage,8,21190.44
Croatia,HydroPumpStorage,8,21190.44
Hungary,HydroPumpStorage,8,1499.2
Ireland,HydroPumpStorage,8,2199.34
Italy,HydroPumpStorage,8,38626.0
Lithuania,HydroPumpStorage,8,49280.0
Luxemb.,HydroPumpStorage,8,6120.0
NO1,HydroPumpStorage,8,1417.4082
NO2,HydroPumpStorage,8,3598.0362
NO3,HydroPumpStorage,8,1635.4709999999998
NO4,HydroPumpStorage,8,1962.5651999999998
NO5,HydroPumpStorage,8,2289.6594
Poland,HydroPumpStorage,8,10903.14
Portugal,HydroPumpStorage,8,107254.08
Romania,HydroPumpStorage,8,3686.3928
Serbia,HydroPumpStorage,8,21190.44
Sweden,HydroPumpStorage,8,2199.34
Slovakia,HydroPumpStorage,8,3686.3928
Slovenia,HydroPumpStorage,2,2700.0
Slovenia,HydroPumpStorage,3,2700.0
Slovenia,HydroPumpStorage,4,2700.0
Slovenia,HydroPumpStorage,5,2700.0
Slovenia,HydroPumpStorage,6,2700.0
Slovenia,HydroPumpStorage,7,2700.0
Slovenia,HydroPumpStorage,8,2700.0
