InterconnectorLinks,ToNode,Period,MaxRawNotAdjustWithInitCap_in_MW
CzechR,Austria,1,900.0
CzechR,Austria,2,900.0
CzechR,Austria,3,1900.0
CzechR,Austria,4,1900.0
CzechR,Austria,5,1900.0
CzechR,Austria,6,1900.0
CzechR,Austria,7,1900.0
CzechR,Austria,8,1900.0
Germany,Austria,1,5000.0
Germany,Austria,2,7000.0
Germany,Austria,3,9500.0
Germany,Austria,4,7500.0
Germany,Austria,5,10200.0
Germany,Austria,6,8200.0
Germany,Austria,7,8200.0
Germany,Austria,8,8200.0
Hungary,Austria,1,800.0
Hungary,Austria,2,800.0
Hungary,Austria,3,2800.0
Hungary,Austria,4,2800.0
Hungary,Austria,5,2800.0
Hungary,Austria,6,2800.0
Hungary,Austria,7,2800.0
Hungary,Austria,8,2800.0
Italy,Austria,1,405.0
Italy,Austria,2,795.0
Italy,Austria,3,1295.0
Italy,Austria,4,1295.0
Italy,Austria,5,2295.0
Italy,Austria,6,2295.0
Italy,Austria,7,2295.0
Italy,Austria,8,2295.0
Slovakia,Austria,1,0.0
Slovakia,Austria,2,0.0
Slovakia,Austria,3,1000.0
Slovakia,Austria,4,1000.0
Slovakia,Austria,5,1000.0
Slovakia,Austria,6,1000.0
Slovakia,Austria,7,1000.0
Slovakia,Austria,8,1000.0
Slovenia,Austria,1,950.0
Slovenia,Austria,2,950.0
Slovenia,Austria,3,1950.0
Slovenia,Austria,4,1950.0
Slovenia,Austria,5,2950.0
Slovenia,Austria,6,2950.0
Slovenia,Austria,7,2950.0
Slovenia,Austria,8,2950.0
Switzerland,Austria,1,1200.0
Switzerland,Austria,2,1200.0
Switzerland,Austria,3,2200.0
Switzerland,Austria,4,2200.0
Switzerland,Austria,5,3200.0
Switzerland,Austria,6,3200.0
Switzerland,Austria,7,3200.0
Switzerland,Austria,8,3200.0
France,Belgium,1,1850.0
France,Belgium,2,3350.0
France,Belgium,3,6350.0
France,Belgium,4,6350.0
France,Belgium,5,7350.0
France,Belgium,6,7350.0
France,Belgium,7,7350.0
France,Belgium,8,7350.0
Germany,Belgium,1,1000.0
Germany,Belgium,2,2000.0
Germany,Belgium,3,2000.0
Germany,Belgium,4,2000.0
Germany,Belgium,5,2000.0
Germany,Belgium,6,2000.0
Germany,Belgium,7,2000.0
Germany,Belgium,8,2000.0
GreatBrit.,Belgium,1,1000.0
GreatBrit.,Belgium,2,1000.0
GreatBrit.,Belgium,3,1000.0
GreatBrit.,Belgium,4,1000.0
GreatBrit.,Belgium,5,1000.0
GreatBrit.,Belgium,6,1000.0
GreatBrit.,Belgium,7,1000.0
GreatBrit.,Belgium,8,1000.0
Luxemb.,Belgium,1,680.0
Luxemb.,Belgium,2,1180.0
Luxemb.,Belgium,3,1680.0
Luxemb.,Belgium,4,1680.0
Luxemb.,Belgium,5,1680.0
Luxemb.,Belgium,6,1680.0
Luxemb.,Belgium,7,1680.0
Luxemb.,Belgium,8,1680.0
Netherlands,Belgium,1,950.0
Netherlands,Belgium,2,1950.0
Netherlands,Belgium,3,3950.0
Netherlands,Belgium,4,3950.0
Netherlands,Belgium,5,3950.0
Netherlands,Belgium,6,3950.0
Netherlands,Belgium,7,3950.0
Netherlands,Belgium,8,3950.0
Croatia,BosniaH,1,750.0
Croatia,BosniaH,2,750.0
Croatia,BosniaH,3,750.0
Croatia,BosniaH,4,750.0
Croatia,BosniaH,5,1894.0
Croatia,BosniaH,6,1894.0
Croatia,BosniaH,7,1894.0
Croatia,BosniaH,8,1894.0
Italy,BosniaH,1,0.0
Italy,BosniaH,2,0.0
Italy,BosniaH,3,0.0
Italy,BosniaH,4,0.0
Italy,BosniaH,5,0.0
Italy,BosniaH,6,0.0
Italy,BosniaH,7,0.0
Italy,BosniaH,8,0.0
Serbia,BosniaH,1,600.0
Serbia,BosniaH,2,600.0
Serbia,BosniaH,3,600.0
Serbia,BosniaH,4,600.0
Serbia,BosniaH,5,1950.0
Serbia,BosniaH,6,1950.0
Serbia,BosniaH,7,1950.0
Serbia,BosniaH,8,1950.0
Greece,Bulgaria,1,600.0
Greece,Bulgaria,2,1400.0
Greece,Bulgaria,3,1400.0
Greece,Bulgaria,4,1400.0
Greece,Bulgaria,5,2400.0
Greece,Bulgaria,6,2400.0
Greece,Bulgaria,7,2400.0
Greece,Bulgaria,8,2400.0
Macedonia,Bulgaria,1,400.0
Macedonia,Bulgaria,2,400.0
Macedonia,Bulgaria,3,400.0
Macedonia,Bulgaria,4,400.0
Macedonia,Bulgaria,5,400.0
Macedonia,Bulgaria,6,400.0
Macedonia,Bulgaria,7,400.0
Macedonia,Bulgaria,8,400.0
Romania,Bulgaria,1,300.0
Romania,Bulgaria,2,900.0
Romania,Bulgaria,3,1900.0
Romania,Bulgaria,4,1900.0
Romania,Bulgaria,5,3400.0
Romania,Bulgaria,6,3400.0
Romania,Bulgaria,7,3400.0
Romania,Bulgaria,8,3400.0
Serbia,Bulgaria,1,500.0
Serbia,Bulgaria,2,1344.0
Serbia,Bulgaria,3,1844.0
Serbia,Bulgaria,4,1844.0
Serbia,Bulgaria,5,2574.0
Serbia,Bulgaria,6,2574.0
Serbia,Bulgaria,7,2574.0
Serbia,Bulgaria,8,2574.0
Hungary,Croatia,1,0.0
Hungary,Croatia,2,0.0
Hungary,Croatia,3,0.0
Hungary,Croatia,4,0.0
Hungary,Croatia,5,0.0
Hungary,Croatia,6,0.0
Hungary,Croatia,7,0.0
Hungary,Croatia,8,0.0
Italy,Croatia,1,0.0
Italy,Croatia,2,0.0
Italy,Croatia,3,0.0
Italy,Croatia,4,0.0
Italy,Croatia,5,0.0
Italy,Croatia,6,0.0
Italy,Croatia,7,0.0
Italy,Croatia,8,0.0
Serbia,Croatia,1,600.0
Serbia,Croatia,2,600.0
Serbia,Croatia,3,2200.0
Serbia,Croatia,4,2200.0
Serbia,Croatia,5,2200.0
Serbia,Croatia,6,2200.0
Serbia,Croatia,7,2200.0
Serbia,Croatia,8,2200.0
Slovenia,Croatia,1,1500.0
Slovenia,Croatia,2,1650.0
Slovenia,Croatia,3,1650.0
Slovenia,Croatia,4,1650.0
Slovenia,Croatia,5,3650.0
Slovenia,Croatia,6,3650.0
Slovenia,Croatia,7,3650.0
Slovenia,Croatia,8,3650.0
Germany,CzechR,1,2100.0
Germany,CzechR,2,2600.0
Germany,CzechR,3,3100.0
Germany,CzechR,4,3100.0
Germany,CzechR,5,4250.0
Germany,CzechR,6,4250.0
Germany,CzechR,7,4250.0
Germany,CzechR,8,4250.0
Poland,CzechR,1,800.0
Poland,CzechR,2,800.0
Poland,CzechR,3,800.0
Poland,CzechR,4,800.0
Poland,CzechR,5,1800.0
Poland,CzechR,6,1800.0
Poland,CzechR,7,1800.0
Poland,CzechR,8,1800.0
Slovakia,CzechR,1,1800.0
Slovakia,CzechR,2,1800.0
Slovakia,CzechR,3,1800.0
Slovakia,CzechR,4,1800.0
Slovakia,CzechR,5,2300.0
Slovakia,CzechR,6,2300.0
Slovakia,CzechR,7,2300.0
Slovakia,CzechR,8,2300.0
GreatBrit.,Denmark,1,1400.0
GreatBrit.,Denmark,2,2800.0
GreatBrit.,Denmark,3,2800.0
GreatBrit.,Denmark,4,2800.0
GreatBrit.,Denmark,5,2800.0
GreatBrit.,Denmark,6,2800.0
GreatBrit.,Denmark,7,2800.0
GreatBrit.,Denmark,8,2800.0
Netherlands,Denmark,1,700.0
Netherlands,Denmark,2,700.0
Netherlands,Denmark,3,700.0
Netherlands,Denmark,4,700.0
Netherlands,Denmark,5,700.0
Netherlands,Denmark,6,700.0
Netherlands,Denmark,7,700.0
Netherlands,Denmark,8,700.0
NO2,Denmark,1,1632.0
NO2,Denmark,2,1632.0
NO2,Denmark,3,1632.0
NO2,Denmark,4,1632.0
NO2,Denmark,5,1632.0
NO2,Denmark,6,1632.0
NO2,Denmark,7,1632.0
NO2,Denmark,8,1632.0
Poland,Denmark,1,0.0
Poland,Denmark,2,0.0
Poland,Denmark,3,600.0
Poland,Denmark,4,600.0
Poland,Denmark,5,600.0
Poland,Denmark,6,600.0
Poland,Denmark,7,600.0
Poland,Denmark,8,600.0
Sweden,Denmark,1,2716.0
Sweden,Denmark,2,2716.0
Sweden,Denmark,3,3216.0
Sweden,Denmark,4,3216.0
Sweden,Denmark,5,3216.0
Sweden,Denmark,6,3216.0
Sweden,Denmark,7,3216.0
Sweden,Denmark,8,3216.0
Finland,Estonia,1,1016.0
Finland,Estonia,2,1016.0
Finland,Estonia,3,1016.0
Finland,Estonia,4,1016.0
Finland,Estonia,5,1516.0
Finland,Estonia,6,1516.0
Finland,Estonia,7,1516.0
Finland,Estonia,8,1516.0
Latvia,Estonia,1,900.0
Latvia,Estonia,2,1500.0
Latvia,Estonia,3,1500.0
Latvia,Estonia,4,1500.0
Latvia,Estonia,5,2000.0
Latvia,Estonia,6,2000.0
Latvia,Estonia,7,2000.0
Latvia,Estonia,8,2000.0
Sweden,Estonia,1,0.0
Sweden,Estonia,2,0.0
Sweden,Estonia,3,0.0
Sweden,Estonia,4,0.0
Sweden,Estonia,5,0.0
Sweden,Estonia,6,0.0
Sweden,Estonia,7,0.0
Sweden,Estonia,8,0.0
NO4,Finland,1,0.0
NO4,Finland,2,0.0
NO4,Finland,3,1500.0
NO4,Finland,4,1500.0
NO4,Finland,5,1500.0
NO4,Finland,6,1500.0
NO4,Finland,7,1500.0
NO4,Finland,8,1500.0
Sweden,Finland,1,2300.0
Sweden,Finland,2,3200.0
Sweden,Finland,3,4000.0
Sweden,Finland,4,4000.0
Sweden,Finland,5,4200.0
Sweden,Finland,6,4200.0
Sweden,Finland,7,4200.0
Sweden,Finland,8,4200.0
GreatBrit.,France,1,2000.0
GreatBrit.,France,2,3000.0
GreatBrit.,France,3,4400.0
GreatBrit.,France,4,4400.0
GreatBrit.,France,5,7800.0
GreatBrit.,France,6,7800.0
GreatBrit.,France,7,7800.0
GreatBrit.,France,8,7800.0
Ireland,France,1,0.0
Ireland,France,2,0.0
Ireland,France,3,699.999999999999
Ireland,France,4,699.999999999999
Ireland,France,5,1400.0
Ireland,France,6,1400.0
Ireland,France,7,1400.0
Ireland,France,8,1400.0
Italy,France,1,4350.0
Italy,France,2,5550.0
Italy,France,3,7350.0
Italy,France,4,7350.0
Italy,France,5,7350.0
Italy,France,6,7350.0
Italy,France,7,7350.0
Italy,France,8,7350.0
Luxemb.,France,1,380.0
Luxemb.,France,2,380.0
Luxemb.,France,3,380.0
Luxemb.,France,4,380.0
Luxemb.,France,5,380.0
Luxemb.,France,6,380.0
Luxemb.,France,7,380.0
Luxemb.,France,8,380.0
Denmark,Germany,1,2765.0
Denmark,Germany,2,4765.0
Denmark,Germany,3,4765.0
Denmark,Germany,4,4765.0
Denmark,Germany,5,4765.0
Denmark,Germany,6,4765.0
Denmark,Germany,7,4765.0
Denmark,Germany,8,4765.0
France,Germany,1,2300.0
France,Germany,2,2300.0
France,Germany,3,4100.0
France,Germany,4,4100.0
France,Germany,5,4100.0
France,Germany,6,4100.0
France,Germany,7,4100.0
France,Germany,8,4100.0
Luxemb.,Germany,1,2300.0
Luxemb.,Germany,2,2300.0
Luxemb.,Germany,3,2300.0
Luxemb.,Germany,4,2300.0
Luxemb.,Germany,5,2300.0
Luxemb.,Germany,6,2300.0
Luxemb.,Germany,7,2300.0
Luxemb.,Germany,8,2300.0
Netherlands,Germany,1,4250.0
Netherlands,Germany,2,5150.0
Netherlands,Germany,3,5150.0
Netherlands,Germany,4,5150.0
Netherlands,Germany,5,6150.0
Netherlands,Germany,6,6150.0
Netherlands,Germany,7,6150.0
Netherlands,Germany,8,6150.0
NO2,Germany,1,1400.0
NO2,Germany,2,2800.0
NO2,Germany,3,2800.0
NO2,Germany,4,2800.0
NO2,Germany,5,2800.0
NO2,Germany,6,2800.0
NO2,Germany,7,2800.0
NO2,Germany,8,2800.0
Poland,Germany,1,3500.0
Poland,Germany,2,5500.0
Poland,Germany,3,10000.0
Poland,Germany,4,10000.0
Poland,Germany,5,10400.0
Poland,Germany,6,10400.0
Poland,Germany,7,10400.0
Poland,Germany,8,10400.0
Sweden,Germany,1,615.0
Sweden,Germany,2,615.0
Sweden,Germany,3,1715.0
Sweden,Germany,4,1715.0
Sweden,Germany,5,1715.0
Sweden,Germany,6,1715.0
Sweden,Germany,7,1715.0
Sweden,Germany,8,1715.0
Ireland,GreatBrit.,1,500.0
Ireland,GreatBrit.,2,1450.0
Ireland,GreatBrit.,3,2450.0
Ireland,GreatBrit.,4,2450.0
Ireland,GreatBrit.,5,2450.0
Ireland,GreatBrit.,6,2450.0
Ireland,GreatBrit.,7,2450.0
Ireland,GreatBrit.,8,2450.0
Netherlands,GreatBrit.,1,1000.0
Netherlands,GreatBrit.,2,1000.0
Netherlands,GreatBrit.,3,1000.0
Netherlands,GreatBrit.,4,1000.0
Netherlands,GreatBrit.,5,3000.0
Netherlands,GreatBrit.,6,3000.0
Netherlands,GreatBrit.,7,3000.0
Netherlands,GreatBrit.,8,3000.0
NO2,GreatBrit.,1,0.0
NO2,GreatBrit.,2,1400.0
NO2,GreatBrit.,3,1400.0
NO2,GreatBrit.,4,1400.0
NO2,GreatBrit.,5,1400.0
NO2,GreatBrit.,6,1400.0
NO2,GreatBrit.,7,1400.0
NO2,GreatBrit.,8,1400.0
NO5,GreatBrit.,1,0.0
NO5,GreatBrit.,2,0.0
NO5,GreatBrit.,3,1400.0
NO5,GreatBrit.,4,1400.0
NO5,GreatBrit.,5,1400.0
NO5,GreatBrit.,6,1400.0
NO5,GreatBrit.,7,1400.0
NO5,GreatBrit.,8,1400.0
Italy,Greece,1,500.0
Italy,Greece,2,500.0
Italy,Greece,3,500.0
Italy,Greece,4,500.0
Italy,Greece,5,1500.0
Italy,Greece,6,1500.0
Italy,Greece,7,1500.0
Italy,Greece,8,1500.0
Macedonia,Greece,1,1100.0
Macedonia,Greece,2,1100.0
Macedonia,Greece,3,2100.0
Macedonia,Greece,4,2100.0
Macedonia,Greece,5,2600.0
Macedonia,Greece,6,2600.0
Macedonia,Greece,7,2600.0
Macedonia,Greece,8,2600.0
Romania,Hungary,1,1100.0
Romania,Hungary,2,1717.0
Romania,Hungary,3,2834.0
Romania,Hungary,4,2834.0
Romania,Hungary,5,2834.0
Romania,Hungary,6,2834.0
Romania,Hungary,7,2834.0
Romania,Hungary,8,2834.0
Serbia,Hungary,1,600.0
Serbia,Hungary,2,600.0
Serbia,Hungary,3,1600.0
Serbia,Hungary,4,1600.0
Serbia,Hungary,5,2100.0
Serbia,Hungary,6,2100.0
Serbia,Hungary,7,2100.0
Serbia,Hungary,8,2100.0
Slovakia,Hungary,1,2000.0
Slovakia,Hungary,2,3300.0
Slovakia,Hungary,3,3300.0
Slovakia,Hungary,4,3300.0
Slovakia,Hungary,5,4800.0
Slovakia,Hungary,6,4800.0
Slovakia,Hungary,7,4800.0
Slovakia,Hungary,8,4800.0
Slovenia,Hungary,1,0.0
Slovenia,Hungary,2,1200.0
Slovenia,Hungary,3,1200.0
Slovenia,Hungary,4,1200.0
Slovenia,Hungary,5,2200.0
Slovenia,Hungary,6,2200.0
Slovenia,Hungary,7,2200.0
Slovenia,Hungary,8,2200.0
Slovenia,Italy,1,730.0
Slovenia,Italy,2,1930.0
Slovenia,Italy,3,1930.0
Slovenia,Italy,4,1930.0
Slovenia,Italy,5,2930.0
Slovenia,Italy,6,2930.0
Slovenia,Italy,7,2930.0
Slovenia,Italy,8,2930.0
Sweden,Latvia,1,0.0
Sweden,Latvia,2,0.0
Sweden,Latvia,3,0.0
Sweden,Latvia,4,0.0
Sweden,Latvia,5,0.0
Sweden,Latvia,6,0.0
Sweden,Latvia,7,0.0
Sweden,Latvia,8,0.0
Latvia,Lithuania,1,1500.0
Latvia,Lithuania,2,1500.0
Latvia,Lithuania,3,1500.0
Latvia,Lithuania,4,1500.0
Latvia,Lithuania,5,1500.0
Latvia,Lithuania,6,1500.0
Latvia,Lithuania,7,1500.0
Latvia,Lithuania,8,1500.0
Poland,Lithuania,1,500.0
Poland,Lithuania,2,1000.0
Poland,Lithuania,3,1000.0
Poland,Lithuania,4,1000.0
Poland,Lithuania,5,1700.0
Poland,Lithuania,6,1700.0
Poland,Lithuania,7,1700.0
Poland,Lithuania,8,1700.0
Sweden,Lithuania,1,700.0
Sweden,Lithuania,2,700.0
Sweden,Lithuania,3,700.0
Sweden,Lithuania,4,700.0
Sweden,Lithuania,5,700.0
Sweden,Lithuania,6,700.0
Sweden,Lithuania,7,700.0
Sweden,Lithuania,8,700.0
Serbia,Macedonia,1,800.0
Serbia,Macedonia,2,800.0
Serbia,Macedonia,3,2300.0
Serbia,Macedonia,4,2300.0
Serbia,Macedonia,5,2300.0
Serbia,Macedonia,6,2300.0
Serbia,Macedonia,7,2300.0
Serbia,Macedonia,8,2300.0
NO2,Netherlands,1,723.0
NO2,Netherlands,2,723.0
NO2,Netherlands,3,723.0
NO2,Netherlands,4,723.0
NO2,Netherlands,5,723.0
NO2,Netherlands,6,723.0
NO2,Netherlands,7,723.0
NO2,Netherlands,8,723.0
NO2,NO1,1,3500.0
NO2,NO1,2,3500.0
NO2,NO1,3,4200.0
NO2,NO1,4,4200.0
NO2,NO1,5,4200.0
NO2,NO1,6,4200.0
NO2,NO1,7,4200.0
NO2,NO1,8,4200.0
NO3,NO1,1,500.0
NO3,NO1,2,500.0
NO3,NO1,3,600.0
NO3,NO1,4,600.0
NO3,NO1,5,600.0
NO3,NO1,6,600.0
NO3,NO1,7,600.0
NO3,NO1,8,600.0
NO5,NO1,1,3900.0
NO5,NO1,2,3900.0
NO5,NO1,3,4680.0
NO5,NO1,4,4680.0
NO5,NO1,5,4680.0
NO5,NO1,6,4680.0
NO5,NO1,7,4680.0
NO5,NO1,8,4680.0
Sweden,NO1,1,2145.0
Sweden,NO1,2,2145.0
Sweden,NO1,3,3645.0
Sweden,NO1,4,3645.0
Sweden,NO1,5,3645.0
Sweden,NO1,6,3645.0
Sweden,NO1,7,3645.0
Sweden,NO1,8,3645.0
NO5,NO2,1,600.0
NO5,NO2,2,600.0
NO5,NO2,3,720.0
NO5,NO2,4,720.0
NO5,NO2,5,720.0
NO5,NO2,6,720.0
NO5,NO2,7,720.0
NO5,NO2,8,720.0
NO4,NO3,1,1200.0
NO4,NO3,2,1200.0
NO4,NO3,3,1440.0
NO4,NO3,4,1440.0
NO4,NO3,5,1440.0
NO4,NO3,6,1440.0
NO4,NO3,7,1440.0
NO4,NO3,8,1440.0
NO5,NO3,1,500.0
NO5,NO3,2,500.0
NO5,NO3,3,600.0
NO5,NO3,4,600.0
NO5,NO3,5,600.0
NO5,NO3,6,600.0
NO5,NO3,7,600.0
NO5,NO3,8,600.0
Sweden,NO3,1,1000.0
Sweden,NO3,2,1000.0
Sweden,NO3,3,2500.0
Sweden,NO3,4,2500.0
Sweden,NO3,5,2500.0
Sweden,NO3,6,2500.0
Sweden,NO3,7,2500.0
Sweden,NO3,8,2500.0
Sweden,NO4,1,1000.0
Sweden,NO4,2,1000.0
Sweden,NO4,3,4000.0
Sweden,NO4,4,4000.0
Sweden,NO4,5,4000.0
Sweden,NO4,6,4000.0
Sweden,NO4,7,4000.0
Sweden,NO4,8,4000.0
Slovakia,Poland,1,990.0
Slovakia,Poland,2,990.0
Slovakia,Poland,3,990.0
Slovakia,Poland,4,990.0
Slovakia,Poland,5,2490.0
Slovakia,Poland,6,2490.0
Slovakia,Poland,7,2490.0
Slovakia,Poland,8,2490.0
Sweden,Poland,1,600.0
Sweden,Poland,2,600.0
Sweden,Poland,3,600.0
Sweden,Poland,4,600.0
Sweden,Poland,5,2100.0
Sweden,Poland,6,2100.0
Sweden,Poland,7,2100.0
Sweden,Poland,8,2100.0
Serbia,Romania,1,1132.0
Serbia,Romania,2,1976.0
Serbia,Romania,3,1976.0
Serbia,Romania,4,1976.0
Serbia,Romania,5,3098.0
Serbia,Romania,6,3098.0
Serbia,Romania,7,3098.0
Serbia,Romania,8,3098.0
France,Spain,1,2800.0
France,Spain,2,5000.0
France,Spain,3,6500.0
France,Spain,4,6500.0
France,Spain,5,10000.0
France,Spain,6,10000.0
France,Spain,7,10000.0
France,Spain,8,10000.0
Ireland,Spain,1,0.0
Ireland,Spain,2,0.0
Ireland,Spain,3,0.0
Ireland,Spain,4,0.0
Ireland,Spain,5,0.0
Ireland,Spain,6,0.0
Ireland,Spain,7,0.0
Ireland,Spain,8,0.0
Portugal,Spain,1,4200.0
Portugal,Spain,2,6100.0
Portugal,Spain,3,6100.0
Portugal,Spain,4,6100.0
Portugal,Spain,5,10100.0
Portugal,Spain,6,10100.0
Portugal,Spain,7,10100.0
Portugal,Spain,8,10100.0
France,Switzerland,1,3150.0
France,Switzerland,2,3150.0
France,Switzerland,3,4650.0
France,Switzerland,4,4650.0
France,Switzerland,5,6650.0
France,Switzerland,6,6650.0
France,Switzerland,7,6650.0
France,Switzerland,8,6650.0
Germany,Switzerland,1,4600.0
Germany,Switzerland,2,5400.0
Germany,Switzerland,3,8500.0
Germany,Switzerland,4,8500.0
Germany,Switzerland,5,8500.0
Germany,Switzerland,6,8500.0
Germany,Switzerland,7,8500.0
Germany,Switzerland,8,8500.0
Italy,Switzerland,1,4240.0
Italy,Switzerland,2,4240.0
Italy,Switzerland,3,5440.0
Italy,Switzerland,4,5440.0
Italy,Switzerland,5,5440.0
Italy,Switzerland,6,5440.0
Italy,Switzerland,7,5440.0
Italy,Switzerland,8,5440.0
Borssele,Belgium,1,50000.0
Borssele,Belgium,2,50000.0
Borssele,Belgium,3,50000.0
Borssele,Belgium,4,50000.0
Borssele,Belgium,5,50000.0
Borssele,Belgium,6,50000.0
Borssele,Belgium,7,50000.0
Borssele,Belgium,8,50000.0
HollandseeKust,Belgium,1,50000.0
HollandseeKust,Belgium,2,50000.0
HollandseeKust,Belgium,3,50000.0
HollandseeKust,Belgium,4,50000.0
HollandseeKust,Belgium,5,50000.0
HollandseeKust,Belgium,6,50000.0
HollandseeKust,Belgium,7,50000.0
HollandseeKust,Belgium,8,50000.0
HelgolanderBucht,Borssele,1,0.0
HelgolanderBucht,Borssele,2,0.0
HelgolanderBucht,Borssele,3,0.0
HelgolanderBucht,Borssele,4,0.0
HelgolanderBucht,Borssele,5,0.0
HelgolanderBucht,Borssele,6,0.0
HelgolanderBucht,Borssele,7,0.0
HelgolanderBucht,Borssele,8,0.0
HollandseeKust,Borssele,1,0.0
HollandseeKust,Borssele,2,0.0
HollandseeKust,Borssele,3,0.0
HollandseeKust,Borssele,4,0.0
HollandseeKust,Borssele,5,0.0
HollandseeKust,Borssele,6,0.0
HollandseeKust,Borssele,7,0.0
HollandseeKust,Borssele,8,0.0
Nordsoen,Borssele,1,0.0
Nordsoen,Borssele,2,0.0
Nordsoen,Borssele,3,0.0
Nordsoen,Borssele,4,0.0
Nordsoen,Borssele,5,0.0
Nordsoen,Borssele,6,0.0
Nordsoen,Borssele,7,0.0
Nordsoen,Borssele,8,0.0
SorligeNordsjoI,Borssele,1,0.0
SorligeNordsjoI,Borssele,2,0.0
SorligeNordsjoI,Borssele,3,0.0
SorligeNordsjoI,Borssele,4,0.0
SorligeNordsjoI,Borssele,5,0.0
SorligeNordsjoI,Borssele,6,0.0
SorligeNordsjoI,Borssele,7,0.0
SorligeNordsjoI,Borssele,8,0.0
SorligeNordsjoII,Borssele,1,0.0
SorligeNordsjoII,Borssele,2,0.0
SorligeNordsjoII,Borssele,3,0.0
SorligeNordsjoII,Borssele,4,0.0
SorligeNordsjoII,Borssele,5,0.0
SorligeNordsjoII,Borssele,6,0.0
SorligeNordsjoII,Borssele,7,0.0
SorligeNordsjoII,Borssele,8,0.0
UtsiraNord,Borssele,1,0.0
UtsiraNord,Borssele,2,0.0
UtsiraNord,Borssele,3,0.0
UtsiraNord,Borssele,4,0.0
UtsiraNord,Borssele,5,0.0
UtsiraNord,Borssele,6,0.0
UtsiraNord,Borssele,7,0.0
UtsiraNord,Borssele,8,0.0
Nordsoen,Denmark,1,50000.0
Nordsoen,Denmark,2,50000.0
Nordsoen,Denmark,3,50000.0
Nordsoen,Denmark,4,50000.0
Nordsoen,Denmark,5,50000.0
Nordsoen,Denmark,6,50000.0
Nordsoen,Denmark,7,50000.0
Nordsoen,Denmark,8,50000.0
Borssele,DoggerBank,1,0.0
Borssele,DoggerBank,2,0.0
Borssele,DoggerBank,3,0.0
Borssele,DoggerBank,4,0.0
Borssele,DoggerBank,5,0.0
Borssele,DoggerBank,6,0.0
Borssele,DoggerBank,7,0.0
Borssele,DoggerBank,8,0.0
EastAnglia,DoggerBank,1,0.0
EastAnglia,DoggerBank,2,0.0
EastAnglia,DoggerBank,3,0.0
EastAnglia,DoggerBank,4,0.0
EastAnglia,DoggerBank,5,0.0
EastAnglia,DoggerBank,6,0.0
EastAnglia,DoggerBank,7,0.0
EastAnglia,DoggerBank,8,0.0
HelgolanderBucht,DoggerBank,1,0.0
HelgolanderBucht,DoggerBank,2,0.0
HelgolanderBucht,DoggerBank,3,0.0
HelgolanderBucht,DoggerBank,4,0.0
HelgolanderBucht,DoggerBank,5,0.0
HelgolanderBucht,DoggerBank,6,0.0
HelgolanderBucht,DoggerBank,7,0.0
HelgolanderBucht,DoggerBank,8,0.0
HollandseeKust,DoggerBank,1,500000.0
HollandseeKust,DoggerBank,2,500000.0
HollandseeKust,DoggerBank,3,500000.0
HollandseeKust,DoggerBank,4,500000.0
HollandseeKust,DoggerBank,5,500000.0
HollandseeKust,DoggerBank,6,500000.0
HollandseeKust,DoggerBank,7,500000.0
HollandseeKust,DoggerBank,8,500000.0
Hornsea,DoggerBank,1,500000.0
Hornsea,DoggerBank,2,500000.0
Hornsea,DoggerBank,3,500000.0
Hornsea,DoggerBank,4,500000.0
Hornsea,DoggerBank,5,500000.0
Hornsea,DoggerBank,6,500000.0
Hornsea,DoggerBank,7,500000.0
Hornsea,DoggerBank,8,500000.0
Nordsoen,DoggerBank,1,500000.0
Nordsoen,DoggerBank,2,500000.0
Nordsoen,DoggerBank,3,500000.0
Nordsoen,DoggerBank,4,500000.0
Nordsoen,DoggerBank,5,500000.0
Nordsoen,DoggerBank,6,500000.0
Nordsoen,DoggerBank,7,500000.0
Nordsoen,DoggerBank,8,500000.0
Norfolk,DoggerBank,1,0.0
Norfolk,DoggerBank,2,0.0
Norfolk,DoggerBank,3,0.0
Norfolk,DoggerBank,4,0.0
Norfolk,DoggerBank,5,0.0
Norfolk,DoggerBank,6,0.0
Norfolk,DoggerBank,7,0.0
Norfolk,DoggerBank,8,0.0
OuterDowsing,DoggerBank,1,0.0
OuterDowsing,DoggerBank,2,0.0
OuterDowsing,DoggerBank,3,0.0
OuterDowsing,DoggerBank,4,0.0
OuterDowsing,DoggerBank,5,0.0
OuterDowsing,DoggerBank,6,0.0
OuterDowsing,DoggerBank,7,0.0
OuterDowsing,DoggerBank,8,0.0
SorligeNordsjoI,DoggerBank,1,0.0
SorligeNordsjoI,DoggerBank,2,0.0
SorligeNordsjoI,DoggerBank,3,0.0
SorligeNordsjoI,DoggerBank,4,0.0
SorligeNordsjoI,DoggerBank,5,0.0
SorligeNordsjoI,DoggerBank,6,0.0
SorligeNordsjoI,DoggerBank,7,0.0
SorligeNordsjoI,DoggerBank,8,0.0
SorligeNordsjoII,DoggerBank,1,500000.0
SorligeNordsjoII,DoggerBank,2,500000.0
SorligeNordsjoII,DoggerBank,3,500000.0
SorligeNordsjoII,DoggerBank,4,500000.0
SorligeNordsjoII,DoggerBank,5,500000.0
SorligeNordsjoII,DoggerBank,6,500000.0
SorligeNordsjoII,DoggerBank,7,500000.0
SorligeNordsjoII,DoggerBank,8,500000.0
UtsiraNord,DoggerBank,1,0.0
UtsiraNord,DoggerBank,2,0.0
UtsiraNord,DoggerBank,3,0.0
UtsiraNord,DoggerBank,4,0.0
UtsiraNord,DoggerBank,5,0.0
UtsiraNord,DoggerBank,6,0.0
UtsiraNord,DoggerBank,7,0.0
UtsiraNord,DoggerBank,8,0.0
Borssele,EastAnglia,1,500000.0
Borssele,EastAnglia,2,500000.0
Borssele,EastAnglia,3,500000.0
Borssele,EastAnglia,4,500000.0
Borssele,EastAnglia,5,500000.0
Borssele,EastAnglia,6,500000.0
Borssele,EastAnglia,7,500000.0
Borssele,EastAnglia,8,500000.0
HelgolanderBucht,EastAnglia,1,0.0
HelgolanderBucht,EastAnglia,2,0.0
HelgolanderBucht,EastAnglia,3,0.0
HelgolanderBucht,EastAnglia,4,0.0
HelgolanderBucht,EastAnglia,5,0.0
HelgolanderBucht,EastAnglia,6,0.0
HelgolanderBucht,EastAnglia,7,0.0
HelgolanderBucht,EastAnglia,8,0.0
HollandseeKust,EastAnglia,1,0.0
HollandseeKust,EastAnglia,2,0.0
HollandseeKust,EastAnglia,3,0.0
HollandseeKust,EastAnglia,4,0.0
HollandseeKust,EastAnglia,5,0.0
HollandseeKust,EastAnglia,6,0.0
HollandseeKust,EastAnglia,7,0.0
HollandseeKust,EastAnglia,8,0.0
Nordsoen,EastAnglia,1,0.0
Nordsoen,EastAnglia,2,0.0
Nordsoen,EastAnglia,3,0.0
Nordsoen,EastAnglia,4,0.0
Nordsoen,EastAnglia,5,0.0
Nordsoen,EastAnglia,6,0.0
Nordsoen,EastAnglia,7,0.0
Nordsoen,EastAnglia,8,0.0
SorligeNordsjoI,EastAnglia,1,0.0
SorligeNordsjoI,EastAnglia,2,0.0
SorligeNordsjoI,EastAnglia,3,0.0
SorligeNordsjoI,EastAnglia,4,0.0
SorligeNordsjoI,EastAnglia,5,0.0
SorligeNordsjoI,EastAnglia,6,0.0
SorligeNordsjoI,EastAnglia,7,0.0
SorligeNordsjoI,EastAnglia,8,0.0
SorligeNordsjoII,EastAnglia,1,0.0
SorligeNordsjoII,EastAnglia,2,0.0
SorligeNordsjoII,EastAnglia,3,0.0
SorligeNordsjoII,EastAnglia,4,0.0
SorligeNordsjoII,EastAnglia,5,0.0
SorligeNordsjoII,EastAnglia,6,0.0
SorligeNordsjoII,EastAnglia,7,0.0
SorligeNordsjoII,EastAnglia,8,0.0
UtsiraNord,EastAnglia,1,0.0
UtsiraNord,EastAnglia,2,0.0
UtsiraNord,EastAnglia,3,0.0
UtsiraNord,EastAnglia,4,0.0
UtsiraNord,EastAnglia,5,0.0
UtsiraNord,EastAnglia,6,0.0
UtsiraNord,EastAnglia,7,0.0
UtsiraNord,EastAnglia,8,0.0
Borssele,FirthofForth,1,0.0
Borssele,FirthofForth,2,0.0
Borssele,FirthofForth,3,0.0
Borssele,FirthofForth,4,0.0
Borssele,FirthofForth,5,0.0
Borssele,FirthofForth,6,0.0
Borssele,FirthofForth,7,0.0
Borssele,FirthofForth,8,0.0
DoggerBank,FirthofForth,1,0.0
DoggerBank,FirthofForth,2,0.0
DoggerBank,FirthofForth,3,0.0
DoggerBank,FirthofForth,4,0.0
DoggerBank,FirthofForth,5,0.0
DoggerBank,FirthofForth,6,0.0
DoggerBank,FirthofForth,7,0.0
DoggerBank,FirthofForth,8,0.0
EastAnglia,FirthofForth,1,0.0
EastAnglia,FirthofForth,2,0.0
EastAnglia,FirthofForth,3,0.0
EastAnglia,FirthofForth,4,0.0
EastAnglia,FirthofForth,5,0.0
EastAnglia,FirthofForth,6,0.0
EastAnglia,FirthofForth,7,0.0
EastAnglia,FirthofForth,8,0.0
HelgolanderBucht,FirthofForth,1,0.0
HelgolanderBucht,FirthofForth,2,0.0
HelgolanderBucht,FirthofForth,3,0.0
HelgolanderBucht,FirthofForth,4,0.0
HelgolanderBucht,FirthofForth,5,0.0
HelgolanderBucht,FirthofForth,6,0.0
HelgolanderBucht,FirthofForth,7,0.0
HelgolanderBucht,FirthofForth,8,0.0
HollandseeKust,FirthofForth,1,0.0
HollandseeKust,FirthofForth,2,0.0
HollandseeKust,FirthofForth,3,0.0
HollandseeKust,FirthofForth,4,0.0
HollandseeKust,FirthofForth,5,0.0
HollandseeKust,FirthofForth,6,0.0
HollandseeKust,FirthofForth,7,0.0
HollandseeKust,FirthofForth,8,0.0
Hornsea,FirthofForth,1,0.0
Hornsea,FirthofForth,2,0.0
Hornsea,FirthofForth,3,0.0
Hornsea,FirthofForth,4,0.0
Hornsea,FirthofForth,5,0.0
Hornsea,FirthofForth,6,0.0
Hornsea,FirthofForth,7,0.0
Hornsea,FirthofForth,8,0.0
Nordsoen,FirthofForth,1,0.0
Nordsoen,FirthofForth,2,0.0
Nordsoen,FirthofForth,3,0.0
Nordsoen,FirthofForth,4,0.0
Nordsoen,FirthofForth,5,0.0
Nordsoen,FirthofForth,6,0.0
Nordsoen,FirthofForth,7,0.0
Nordsoen,FirthofForth,8,0.0
Norfolk,FirthofForth,1,0.0
Norfolk,FirthofForth,2,0.0
Norfolk,FirthofForth,3,0.0
Norfolk,FirthofForth,4,0.0
Norfolk,FirthofForth,5,0.0
Norfolk,FirthofForth,6,0.0
Norfolk,FirthofForth,7,0.0
Norfolk,FirthofForth,8,0.0
OuterDowsing,FirthofForth,1,0.0
OuterDowsing,FirthofForth,2,0.0
OuterDowsing,FirthofForth,3,0.0
OuterDowsing,FirthofForth,4,0.0
OuterDowsing,FirthofForth,5,0.0
OuterDowsing,FirthofForth,6,0.0
OuterDowsing,FirthofForth,7,0.0
OuterDowsing,FirthofForth,8,0.0
SorligeNordsjoI,FirthofForth,1,500000.0
SorligeNordsjoI,FirthofForth,2,500000.0
SorligeNordsjoI,FirthofForth,3,500000.0
SorligeNordsjoI,FirthofForth,4,500000.0
SorligeNordsjoI,FirthofForth,5,500000.0
SorligeNordsjoI,FirthofForth,6,500000.0
SorligeNordsjoI,FirthofForth,7,500000.0
SorligeNordsjoI,FirthofForth,8,500000.0
SorligeNordsjoII,FirthofForth,1,0.0
SorligeNordsjoII,FirthofForth,2,0.0
SorligeNordsjoII,FirthofForth,3,0.0
SorligeNordsjoII,FirthofForth,4,0.0
SorligeNordsjoII,FirthofForth,5,0.0
SorligeNordsjoII,FirthofForth,6,0.0
SorligeNordsjoII,FirthofForth,7,0.0
SorligeNordsjoII,FirthofForth,8,0.0
UtsiraNord,FirthofForth,1,0.0
UtsiraNord,FirthofForth,2,0.0
UtsiraNord,FirthofForth,3,0.0
UtsiraNord,FirthofForth,4,0.0
UtsiraNord,FirthofForth,5,0.0
UtsiraNord,FirthofForth,6,0.0
UtsiraNord,FirthofForth,7,0.0
UtsiraNord,FirthofForth,8,0.0
HelgolanderBucht,Germany,1,50000.0
HelgolanderBucht,Germany,2,50000.0
HelgolanderBucht,Germany,3,50000.0
HelgolanderBucht,Germany,4,50000.0
HelgolanderBucht,Germany,5,50000.0
HelgolanderBucht,Germany,6,50000.0
HelgolanderBucht,Germany,7,50000.0
HelgolanderBucht,Germany,8,50000.0
DoggerBank,GreatBrit.,1,50000.0
DoggerBank,GreatBrit.,2,50000.0
DoggerBank,GreatBrit.,3,50000.0
DoggerBank,GreatBrit.,4,50000.0
DoggerBank,GreatBrit.,5,50000.0
DoggerBank,GreatBrit.,6,50000.0
DoggerBank,GreatBrit.,7,50000.0
DoggerBank,GreatBrit.,8,50000.0
EastAnglia,GreatBrit.,1,50000.0
EastAnglia,GreatBrit.,2,50000.0
EastAnglia,GreatBrit.,3,50000.0
EastAnglia,GreatBrit.,4,50000.0
EastAnglia,GreatBrit.,5,50000.0
EastAnglia,GreatBrit.,6,50000.0
EastAnglia,GreatBrit.,7,50000.0
EastAnglia,GreatBrit.,8,50000.0
FirthofForth,GreatBrit.,1,50000.0
FirthofForth,GreatBrit.,2,50000.0
FirthofForth,GreatBrit.,3,50000.0
FirthofForth,GreatBrit.,4,50000.0
FirthofForth,GreatBrit.,5,50000.0
FirthofForth,GreatBrit.,6,50000.0
FirthofForth,GreatBrit.,7,50000.0
FirthofForth,GreatBrit.,8,50000.0
Hornsea,GreatBrit.,1,50000.0
Hornsea,GreatBrit.,2,50000.0
Hornsea,GreatBrit.,3,50000.0
Hornsea,GreatBrit.,4,50000.0
Hornsea,GreatBrit.,5,50000.0
Hornsea,GreatBrit.,6,50000.0
Hornsea,GreatBrit.,7,50000.0
Hornsea,GreatBrit.,8,50000.0
MorayFirth,GreatBrit.,1,50000.0
MorayFirth,GreatBrit.,2,50000.0
MorayFirth,GreatBrit.,3,50000.0
MorayFirth,GreatBrit.,4,50000.0
MorayFirth,GreatBrit.,5,50000.0
MorayFirth,GreatBrit.,6,50000.0
MorayFirth,GreatBrit.,7,50000.0
MorayFirth,GreatBrit.,8,50000.0
Norfolk,GreatBrit.,1,50000.0
Norfolk,GreatBrit.,2,50000.0
Norfolk,GreatBrit.,3,50000.0
Norfolk,GreatBrit.,4,50000.0
Norfolk,GreatBrit.,5,50000.0
Norfolk,GreatBrit.,6,50000.0
Norfolk,GreatBrit.,7,50000.0
Norfolk,GreatBrit.,8,50000.0
OuterDowsing,GreatBrit.,1,50000.0
OuterDowsing,GreatBrit.,2,50000.0
OuterDowsing,GreatBrit.,3,50000.0
OuterDowsing,GreatBrit.,4,50000.0
OuterDowsing,GreatBrit.,5,50000.0
OuterDowsing,GreatBrit.,6,50000.0
OuterDowsing,GreatBrit.,7,50000.0
OuterDowsing,GreatBrit.,8,50000.0
Nordsoen,HelgolanderBucht,1,500000.0
Nordsoen,HelgolanderBucht,2,500000.0
Nordsoen,HelgolanderBucht,3,500000.0
Nordsoen,HelgolanderBucht,4,500000.0
Nordsoen,HelgolanderBucht,5,500000.0
Nordsoen,HelgolanderBucht,6,500000.0
Nordsoen,HelgolanderBucht,7,500000.0
Nordsoen,HelgolanderBucht,8,500000.0
SorligeNordsjoI,HelgolanderBucht,1,500000.0
SorligeNordsjoI,HelgolanderBucht,2,500000.0
SorligeNordsjoI,HelgolanderBucht,3,500000.0
SorligeNordsjoI,HelgolanderBucht,4,500000.0
SorligeNordsjoI,HelgolanderBucht,5,500000.0
SorligeNordsjoI,HelgolanderBucht,6,500000.0
SorligeNordsjoI,HelgolanderBucht,7,500000.0
SorligeNordsjoI,HelgolanderBucht,8,500000.0
SorligeNordsjoII,HelgolanderBucht,1,500000.0
SorligeNordsjoII,HelgolanderBucht,2,500000.0
SorligeNordsjoII,HelgolanderBucht,3,500000.0
SorligeNordsjoII,HelgolanderBucht,4,500000.0
SorligeNordsjoII,HelgolanderBucht,5,500000.0
SorligeNordsjoII,HelgolanderBucht,6,500000.0
SorligeNordsjoII,HelgolanderBucht,7,500000.0
SorligeNordsjoII,HelgolanderBucht,8,500000.0
UtsiraNord,HelgolanderBucht,1,0.0
UtsiraNord,HelgolanderBucht,2,0.0
UtsiraNord,HelgolanderBucht,3,0.0
UtsiraNord,HelgolanderBucht,4,0.0
UtsiraNord,HelgolanderBucht,5,0.0
UtsiraNord,HelgolanderBucht,6,0.0
UtsiraNord,HelgolanderBucht,7,0.0
UtsiraNord,HelgolanderBucht,8,0.0
HelgolanderBucht,HollandseeKust,1,0.0
HelgolanderBucht,HollandseeKust,2,0.0
HelgolanderBucht,HollandseeKust,3,0.0
HelgolanderBucht,HollandseeKust,4,0.0
HelgolanderBucht,HollandseeKust,5,0.0
HelgolanderBucht,HollandseeKust,6,0.0
HelgolanderBucht,HollandseeKust,7,0.0
HelgolanderBucht,HollandseeKust,8,0.0
Nordsoen,HollandseeKust,1,0.0
Nordsoen,HollandseeKust,2,0.0
Nordsoen,HollandseeKust,3,0.0
Nordsoen,HollandseeKust,4,0.0
Nordsoen,HollandseeKust,5,0.0
Nordsoen,HollandseeKust,6,0.0
Nordsoen,HollandseeKust,7,0.0
Nordsoen,HollandseeKust,8,0.0
SorligeNordsjoI,HollandseeKust,1,0.0
SorligeNordsjoI,HollandseeKust,2,0.0
SorligeNordsjoI,HollandseeKust,3,0.0
SorligeNordsjoI,HollandseeKust,4,0.0
SorligeNordsjoI,HollandseeKust,5,0.0
SorligeNordsjoI,HollandseeKust,6,0.0
SorligeNordsjoI,HollandseeKust,7,0.0
SorligeNordsjoI,HollandseeKust,8,0.0
SorligeNordsjoII,HollandseeKust,1,0.0
SorligeNordsjoII,HollandseeKust,2,0.0
SorligeNordsjoII,HollandseeKust,3,0.0
SorligeNordsjoII,HollandseeKust,4,0.0
SorligeNordsjoII,HollandseeKust,5,0.0
SorligeNordsjoII,HollandseeKust,6,0.0
SorligeNordsjoII,HollandseeKust,7,0.0
SorligeNordsjoII,HollandseeKust,8,0.0
UtsiraNord,HollandseeKust,1,0.0
UtsiraNord,HollandseeKust,2,0.0
UtsiraNord,HollandseeKust,3,0.0
UtsiraNord,HollandseeKust,4,0.0
UtsiraNord,HollandseeKust,5,0.0
UtsiraNord,HollandseeKust,6,0.0
UtsiraNord,HollandseeKust,7,0.0
UtsiraNord,HollandseeKust,8,0.0
Borssele,Hornsea,1,500000.0
Borssele,Hornsea,2,500000.0
Borssele,Hornsea,3,500000.0
Borssele,Hornsea,4,500000.0
Borssele,Hornsea,5,500000.0
Borssele,Hornsea,6,500000.0
Borssele,Hornsea,7,500000.0
Borssele,Hornsea,8,500000.0
EastAnglia,Hornsea,1,0.0
EastAnglia,Hornsea,2,0.0
EastAnglia,Hornsea,3,0.0
EastAnglia,Hornsea,4,0.0
EastAnglia,Hornsea,5,0.0
EastAnglia,Hornsea,6,0.0
EastAnglia,Hornsea,7,0.0
EastAnglia,Hornsea,8,0.0
HelgolanderBucht,Hornsea,1,0.0
HelgolanderBucht,Hornsea,2,0.0
HelgolanderBucht,Hornsea,3,0.0
HelgolanderBucht,Hornsea,4,0.0
HelgolanderBucht,Hornsea,5,0.0
HelgolanderBucht,Hornsea,6,0.0
HelgolanderBucht,Hornsea,7,0.0
HelgolanderBucht,Hornsea,8,0.0
HollandseeKust,Hornsea,1,500000.0
HollandseeKust,Hornsea,2,500000.0
HollandseeKust,Hornsea,3,500000.0
HollandseeKust,Hornsea,4,500000.0
HollandseeKust,Hornsea,5,500000.0
HollandseeKust,Hornsea,6,500000.0
HollandseeKust,Hornsea,7,500000.0
HollandseeKust,Hornsea,8,500000.0
Nordsoen,Hornsea,1,0.0
Nordsoen,Hornsea,2,0.0
Nordsoen,Hornsea,3,0.0
Nordsoen,Hornsea,4,0.0
Nordsoen,Hornsea,5,0.0
Nordsoen,Hornsea,6,0.0
Nordsoen,Hornsea,7,0.0
Nordsoen,Hornsea,8,0.0
Norfolk,Hornsea,1,0.0
Norfolk,Hornsea,2,0.0
Norfolk,Hornsea,3,0.0
Norfolk,Hornsea,4,0.0
Norfolk,Hornsea,5,0.0
Norfolk,Hornsea,6,0.0
Norfolk,Hornsea,7,0.0
Norfolk,Hornsea,8,0.0
OuterDowsing,Hornsea,1,500000.0
OuterDowsing,Hornsea,2,500000.0
OuterDowsing,Hornsea,3,500000.0
OuterDowsing,Hornsea,4,500000.0
OuterDowsing,Hornsea,5,500000.0
OuterDowsing,Hornsea,6,500000.0
OuterDowsing,Hornsea,7,500000.0
OuterDowsing,Hornsea,8,500000.0
SorligeNordsjoI,Hornsea,1,0.0
SorligeNordsjoI,Hornsea,2,0.0
SorligeNordsjoI,Hornsea,3,0.0
SorligeNordsjoI,Hornsea,4,0.0
SorligeNordsjoI,Hornsea,5,0.0
SorligeNordsjoI,Hornsea,6,0.0
SorligeNordsjoI,Hornsea,7,0.0
SorligeNordsjoI,Hornsea,8,0.0
SorligeNordsjoII,Hornsea,1,0.0
SorligeNordsjoII,Hornsea,2,0.0
SorligeNordsjoII,Hornsea,3,0.0
SorligeNordsjoII,Hornsea,4,0.0
SorligeNordsjoII,Hornsea,5,0.0
SorligeNordsjoII,Hornsea,6,0.0
SorligeNordsjoII,Hornsea,7,0.0
SorligeNordsjoII,Hornsea,8,0.0
UtsiraNord,Hornsea,1,0.0
UtsiraNord,Hornsea,2,0.0
UtsiraNord,Hornsea,3,0.0
UtsiraNord,Hornsea,4,0.0
UtsiraNord,Hornsea,5,0.0
UtsiraNord,Hornsea,6,0.0
UtsiraNord,Hornsea,7,0.0
UtsiraNord,Hornsea,8,0.0
Borssele,MorayFirth,1,0.0
Borssele,MorayFirth,2,0.0
Borssele,MorayFirth,3,0.0
Borssele,MorayFirth,4,0.0
Borssele,MorayFirth,5,0.0
Borssele,MorayFirth,6,0.0
Borssele,MorayFirth,7,0.0
Borssele,MorayFirth,8,0.0
DoggerBank,MorayFirth,1,0.0
DoggerBank,MorayFirth,2,0.0
DoggerBank,MorayFirth,3,0.0
DoggerBank,MorayFirth,4,0.0
DoggerBank,MorayFirth,5,0.0
DoggerBank,MorayFirth,6,0.0
DoggerBank,MorayFirth,7,0.0
DoggerBank,MorayFirth,8,0.0
EastAnglia,MorayFirth,1,0.0
EastAnglia,MorayFirth,2,0.0
EastAnglia,MorayFirth,3,0.0
EastAnglia,MorayFirth,4,0.0
EastAnglia,MorayFirth,5,0.0
EastAnglia,MorayFirth,6,0.0
EastAnglia,MorayFirth,7,0.0
EastAnglia,MorayFirth,8,0.0
FirthofForth,MorayFirth,1,0.0
FirthofForth,MorayFirth,2,0.0
FirthofForth,MorayFirth,3,0.0
FirthofForth,MorayFirth,4,0.0
FirthofForth,MorayFirth,5,0.0
FirthofForth,MorayFirth,6,0.0
FirthofForth,MorayFirth,7,0.0
FirthofForth,MorayFirth,8,0.0
HelgolanderBucht,MorayFirth,1,0.0
HelgolanderBucht,MorayFirth,2,0.0
HelgolanderBucht,MorayFirth,3,0.0
HelgolanderBucht,MorayFirth,4,0.0
HelgolanderBucht,MorayFirth,5,0.0
HelgolanderBucht,MorayFirth,6,0.0
HelgolanderBucht,MorayFirth,7,0.0
HelgolanderBucht,MorayFirth,8,0.0
HollandseeKust,MorayFirth,1,0.0
HollandseeKust,MorayFirth,2,0.0
HollandseeKust,MorayFirth,3,0.0
HollandseeKust,MorayFirth,4,0.0
HollandseeKust,MorayFirth,5,0.0
HollandseeKust,MorayFirth,6,0.0
HollandseeKust,MorayFirth,7,0.0
HollandseeKust,MorayFirth,8,0.0
Hornsea,MorayFirth,1,0.0
Hornsea,MorayFirth,2,0.0
Hornsea,MorayFirth,3,0.0
Hornsea,MorayFirth,4,0.0
Hornsea,MorayFirth,5,0.0
Hornsea,MorayFirth,6,0.0
Hornsea,MorayFirth,7,0.0
Hornsea,MorayFirth,8,0.0
Nordsoen,MorayFirth,1,0.0
Nordsoen,MorayFirth,2,0.0
Nordsoen,MorayFirth,3,0.0
Nordsoen,MorayFirth,4,0.0
Nordsoen,MorayFirth,5,0.0
Nordsoen,MorayFirth,6,0.0
Nordsoen,MorayFirth,7,0.0
Nordsoen,MorayFirth,8,0.0
Norfolk,MorayFirth,1,0.0
Norfolk,MorayFirth,2,0.0
Norfolk,MorayFirth,3,0.0
Norfolk,MorayFirth,4,0.0
Norfolk,MorayFirth,5,0.0
Norfolk,MorayFirth,6,0.0
Norfolk,MorayFirth,7,0.0
Norfolk,MorayFirth,8,0.0
OuterDowsing,MorayFirth,1,0.0
OuterDowsing,MorayFirth,2,0.0
OuterDowsing,MorayFirth,3,0.0
OuterDowsing,MorayFirth,4,0.0
OuterDowsing,MorayFirth,5,0.0
OuterDowsing,MorayFirth,6,0.0
OuterDowsing,MorayFirth,7,0.0
OuterDowsing,MorayFirth,8,0.0
SorligeNordsjoI,MorayFirth,1,0.0
SorligeNordsjoI,MorayFirth,2,0.0
SorligeNordsjoI,MorayFirth,3,0.0
SorligeNordsjoI,MorayFirth,4,0.0
SorligeNordsjoI,MorayFirth,5,0.0
SorligeNordsjoI,MorayFirth,6,0.0
SorligeNordsjoI,MorayFirth,7,0.0
SorligeNordsjoI,MorayFirth,8,0.0
SorligeNordsjoII,MorayFirth,1,0.0
SorligeNordsjoII,MorayFirth,2,0.0
SorligeNordsjoII,MorayFirth,3,0.0
SorligeNordsjoII,MorayFirth,4,0.0
SorligeNordsjoII,MorayFirth,5,0.0
SorligeNordsjoII,MorayFirth,6,0.0
SorligeNordsjoII,MorayFirth,7,0.0
SorligeNordsjoII,MorayFirth,8,0.0
UtsiraNord,MorayFirth,1,500000.0
UtsiraNord,MorayFirth,2,500000.0
UtsiraNord,MorayFirth,3,500000.0
UtsiraNord,MorayFirth,4,500000.0
UtsiraNord,MorayFirth,5,500000.0
UtsiraNord,MorayFirth,6,500000.0
UtsiraNord,MorayFirth,7,500000.0
UtsiraNord,MorayFirth,8,500000.0
Borssele,Netherlands,1,50000.0
Borssele,Netherlands,2,50000.0
Borssele,Netherlands,3,50000.0
Borssele,Netherlands,4,50000.0
Borssele,Netherlands,5,50000.0
Borssele,Netherlands,6,50000.0
Borssele,Netherlands,7,50000.0
Borssele,Netherlands,8,50000.0
HelgolanderBucht,Netherlands,1,50000.0
HelgolanderBucht,Netherlands,2,50000.0
HelgolanderBucht,Netherlands,3,50000.0
HelgolanderBucht,Netherlands,4,50000.0
HelgolanderBucht,Netherlands,5,50000.0
HelgolanderBucht,Netherlands,6,50000.0
HelgolanderBucht,Netherlands,7,50000.0
HelgolanderBucht,Netherlands,8,50000.0
HollandseeKust,Netherlands,1,50000.0
HollandseeKust,Netherlands,2,50000.0
HollandseeKust,Netherlands,3,50000.0
HollandseeKust,Netherlands,4,50000.0
HollandseeKust,Netherlands,5,50000.0
HollandseeKust,Netherlands,6,50000.0
HollandseeKust,Netherlands,7,50000.0
HollandseeKust,Netherlands,8,50000.0
SorligeNordsjoI,NO2,1,50000.0
SorligeNordsjoI,NO2,2,50000.0
SorligeNordsjoI,NO2,3,50000.0
SorligeNordsjoI,NO2,4,50000.0
SorligeNordsjoI,NO2,5,50000.0
SorligeNordsjoI,NO2,6,50000.0
SorligeNordsjoI,NO2,7,50000.0
SorligeNordsjoI,NO2,8,50000.0
SorligeNordsjoII,NO2,1,50000.0
SorligeNordsjoII,NO2,2,50000.0
SorligeNordsjoII,NO2,3,50000.0
SorligeNordsjoII,NO2,4,50000.0
SorligeNordsjoII,NO2,5,50000.0
SorligeNordsjoII,NO2,6,50000.0
SorligeNordsjoII,NO2,7,50000.0
SorligeNordsjoII,NO2,8,50000.0
UtsiraNord,NO2,1,50000.0
UtsiraNord,NO2,2,50000.0
UtsiraNord,NO2,3,50000.0
UtsiraNord,NO2,4,50000.0
UtsiraNord,NO2,5,50000.0
UtsiraNord,NO2,6,50000.0
UtsiraNord,NO2,7,50000.0
UtsiraNord,NO2,8,50000.0
SorligeNordsjoI,Nordsoen,1,50000.0
SorligeNordsjoI,Nordsoen,2,50000.0
SorligeNordsjoI,Nordsoen,3,50000.0
SorligeNordsjoI,Nordsoen,4,50000.0
SorligeNordsjoI,Nordsoen,5,50000.0
SorligeNordsjoI,Nordsoen,6,50000.0
SorligeNordsjoI,Nordsoen,7,50000.0
SorligeNordsjoI,Nordsoen,8,50000.0
SorligeNordsjoII,Nordsoen,1,50000.0
SorligeNordsjoII,Nordsoen,2,50000.0
SorligeNordsjoII,Nordsoen,3,50000.0
SorligeNordsjoII,Nordsoen,4,50000.0
SorligeNordsjoII,Nordsoen,5,50000.0
SorligeNordsjoII,Nordsoen,6,50000.0
SorligeNordsjoII,Nordsoen,7,50000.0
SorligeNordsjoII,Nordsoen,8,50000.0
UtsiraNord,Nordsoen,1,50000.0
UtsiraNord,Nordsoen,2,50000.0
UtsiraNord,Nordsoen,3,50000.0
UtsiraNord,Nordsoen,4,50000.0
UtsiraNord,Nordsoen,5,50000.0
UtsiraNord,Nordsoen,6,50000.0
UtsiraNord,Nordsoen,7,50000.0
UtsiraNord,Nordsoen,8,50000.0
Borssele,Norfolk,1,500000.0
Borssele,Norfolk,2,500000.0
Borssele,Norfolk,3,500000.0
Borssele,Norfolk,4,500000.0
Borssele,Norfolk,5,500000.0
Borssele,Norfolk,6,500000.0
Borssele,Norfolk,7,500000.0
Borssele,Norfolk,8,500000.0
EastAnglia,Norfolk,1,0.0
EastAnglia,Norfolk,2,0.0
EastAnglia,Norfolk,3,0.0
EastAnglia,Norfolk,4,0.0
EastAnglia,Norfolk,5,0.0
EastAnglia,Norfolk,6,0.0
EastAnglia,Norfolk,7,0.0
EastAnglia,Norfolk,8,0.0
HelgolanderBucht,Norfolk,1,0.0
HelgolanderBucht,Norfolk,2,0.0
HelgolanderBucht,Norfolk,3,0.0
HelgolanderBucht,Norfolk,4,0.0
HelgolanderBucht,Norfolk,5,0.0
HelgolanderBucht,Norfolk,6,0.0
HelgolanderBucht,Norfolk,7,0.0
HelgolanderBucht,Norfolk,8,0.0
HollandseeKust,Norfolk,1,500000.0
HollandseeKust,Norfolk,2,500000.0
HollandseeKust,Norfolk,3,500000.0
HollandseeKust,Norfolk,4,500000.0
HollandseeKust,Norfolk,5,500000.0
HollandseeKust,Norfolk,6,500000.0
HollandseeKust,Norfolk,7,500000.0
HollandseeKust,Norfolk,8,500000.0
Nordsoen,Norfolk,1,0.0
Nordsoen,Norfolk,2,0.0
Nordsoen,Norfolk,3,0.0
Nordsoen,Norfolk,4,0.0
Nordsoen,Norfolk,5,0.0
Nordsoen,Norfolk,6,0.0
Nordsoen,Norfolk,7,0.0
Nordsoen,Norfolk,8,0.0
SorligeNordsjoI,Norfolk,1,0.0
SorligeNordsjoI,Norfolk,2,0.0
SorligeNordsjoI,Norfolk,3,0.0
SorligeNordsjoI,Norfolk,4,0.0
SorligeNordsjoI,Norfolk,5,0.0
SorligeNordsjoI,Norfolk,6,0.0
SorligeNordsjoI,Norfolk,7,0.0
SorligeNordsjoI,Norfolk,8,0.0
SorligeNordsjoII,Norfolk,1,0.0
SorligeNordsjoII,Norfolk,2,0.0
SorligeNordsjoII,Norfolk,3,0.0
SorligeNordsjoII,Norfolk,4,0.0
SorligeNordsjoII,Norfolk,5,0.0
SorligeNordsjoII,Norfolk,6,0.0
SorligeNordsjoII,Norfolk,7,0.0
SorligeNordsjoII,Norfolk,8,0.0
UtsiraNord,Norfolk,1,0.0
UtsiraNord,Norfolk,2,0.0
UtsiraNord,Norfolk,3,0.0
UtsiraNord,Norfolk,4,0.0
UtsiraNord,Norfolk,5,0.0
UtsiraNord,Norfolk,6,0.0
UtsiraNord,Norfolk,7,0.0
UtsiraNord,Norfolk,8,0.0
Borssele,OuterDowsing,1,0.0
Borssele,OuterDowsing,2,0.0
Borssele,OuterDowsing,3,0.0
Borssele,OuterDowsing,4,0.0
Borssele,OuterDowsing,5,0.0
Borssele,OuterDowsing,6,0.0
Borssele,OuterDowsing,7,0.0
Borssele,OuterDowsing,8,0.0
EastAnglia,OuterDowsing,1,0.0
EastAnglia,OuterDowsing,2,0.0
EastAnglia,OuterDowsing,3,0.0
EastAnglia,OuterDowsing,4,0.0
EastAnglia,OuterDowsing,5,0.0
EastAnglia,OuterDowsing,6,0.0
EastAnglia,OuterDowsing,7,0.0
EastAnglia,OuterDowsing,8,0.0
HelgolanderBucht,OuterDowsing,1,0.0
HelgolanderBucht,OuterDowsing,2,0.0
HelgolanderBucht,OuterDowsing,3,0.0
HelgolanderBucht,OuterDowsing,4,0.0
HelgolanderBucht,OuterDowsing,5,0.0
HelgolanderBucht,OuterDowsing,6,0.0
HelgolanderBucht,OuterDowsing,7,0.0
HelgolanderBucht,OuterDowsing,8,0.0
HollandseeKust,OuterDowsing,1,0.0
HollandseeKust,OuterDowsing,2,0.0
HollandseeKust,OuterDowsing,3,0.0
HollandseeKust,OuterDowsing,4,0.0
HollandseeKust,OuterDowsing,5,0.0
HollandseeKust,OuterDowsing,6,0.0
HollandseeKust,OuterDowsing,7,0.0
HollandseeKust,OuterDowsing,8,0.0
Nordsoen,OuterDowsing,1,0.0
Nordsoen,OuterDowsing,2,0.0
Nordsoen,OuterDowsing,3,0.0
Nordsoen,OuterDowsing,4,0.0
Nordsoen,OuterDowsing,5,0.0
Nordsoen,OuterDowsing,6,0.0
Nordsoen,OuterDowsing,7,0.0
Nordsoen,OuterDowsing,8,0.0
Norfolk,OuterDowsing,1,0.0
Norfolk,OuterDowsing,2,0.0
Norfolk,OuterDowsing,3,0.0
Norfolk,OuterDowsing,4,0.0
Norfolk,OuterDowsing,5,0.0
Norfolk,OuterDowsing,6,0.0
Norfolk,OuterDowsing,7,0.0
Norfolk,OuterDowsing,8,0.0
SorligeNordsjoI,OuterDowsing,1,0.0
SorligeNordsjoI,OuterDowsing,2,0.0
SorligeNordsjoI,OuterDowsing,3,0.0
SorligeNordsjoI,OuterDowsing,4,0.0
SorligeNordsjoI,OuterDowsing,5,0.0
SorligeNordsjoI,OuterDowsing,6,0.0
SorligeNordsjoI,OuterDowsing,7,0.0
SorligeNordsjoI,OuterDowsing,8,0.0
SorligeNordsjoII,OuterDowsing,1,0.0
SorligeNordsjoII,OuterDowsing,2,0.0
SorligeNordsjoII,OuterDowsing,3,0.0
SorligeNordsjoII,OuterDowsing,4,0.0
SorligeNordsjoII,OuterDowsing,5,0.0
SorligeNordsjoII,OuterDowsing,6,0.0
SorligeNordsjoII,OuterDowsing,7,0.0
SorligeNordsjoII,OuterDowsing,8,0.0
UtsiraNord,OuterDowsing,1,0.0
UtsiraNord,OuterDowsing,2,0.0
UtsiraNord,OuterDowsing,3,0.0
UtsiraNord,OuterDowsing,4,0.0
UtsiraNord,OuterDowsing,5,0.0
UtsiraNord,OuterDowsing,6,0.0
UtsiraNord,OuterDowsing,7,0.0
UtsiraNord,OuterDowsing,8,0.0
SorligeNordsjoII,SorligeNordsjoI,1,500000.0
SorligeNordsjoII,SorligeNordsjoI,2,500000.0
SorligeNordsjoII,SorligeNordsjoI,3,500000.0
SorligeNordsjoII,SorligeNordsjoI,4,500000.0
SorligeNordsjoII,SorligeNordsjoI,5,500000.0
SorligeNordsjoII,SorligeNordsjoI,6,500000.0
SorligeNordsjoII,SorligeNordsjoI,7,500000.0
SorligeNordsjoII,SorligeNordsjoI,8,500000.0
SorligeNordsjoI,UtsiraNord,1,500000.0
SorligeNordsjoI,UtsiraNord,2,500000.0
SorligeNordsjoI,UtsiraNord,3,500000.0
SorligeNordsjoI,UtsiraNord,4,500000.0
SorligeNordsjoI,UtsiraNord,5,500000.0
SorligeNordsjoI,UtsiraNord,6,500000.0
SorligeNordsjoI,UtsiraNord,7,500000.0
SorligeNordsjoI,UtsiraNord,8,500000.0
SorligeNordsjoII,UtsiraNord,1,500000.0
SorligeNordsjoII,UtsiraNord,2,500000.0
SorligeNordsjoII,UtsiraNord,3,500000.0
SorligeNordsjoII,UtsiraNord,4,500000.0
SorligeNordsjoII,UtsiraNord,5,500000.0
SorligeNordsjoII,UtsiraNord,6,500000.0
SorligeNordsjoII,UtsiraNord,7,500000.0
SorligeNordsjoII,UtsiraNord,8,500000.0
