Node,GeneratorTechnology,generatoReferenceInitialCapacity_in_MW
Austria,Coalexisting,150.0
Austria,Gasexisting,4350.0
Austria,Oilexisting,164.0
Austria,Bioexisting,482.0
Austria,Hydroregulated,2475.0
Austria,Hydrorun-of-the-river,5837.0
Austria,Windonshore,3500.0
Austria,Solar,2500.0
Austria,Geo,0.0
Austria,Waste,103.0
BosniaH,Liginiteexisting,1888.0
BosniaH,Hydroregulated,1456.0
BosniaH,Windonshore,135.0
Belgium,Gasexisting,6951.0
Belgium,Oilexisting,280.0
Belgium,Bioexisting,701.0
Belgium,Nuclear,5943.0
Belgium,Hydrorun-of-the-river,177.0
Belgium,Windonshore,2629.0
Belgium,Windoffshoregrounded,0.0
Belgium,Waste,360.0
Belgium,Solar,4788.0
Bulgaria,Liginiteexisting,12357.0
Bulgaria,Coalexisting,1068.0
Bulgaria,Gasexisting,3783.0
Bulgaria,Bioexisting,225.0
Bulgaria,Nuclear,6000.0
Bulgaria,Hydroregulated,5430.0
Bulgaria,Hydrorun-of-the-river,1617.0
Bulgaria,Windonshore,2103.0
Bulgaria,Solar,3519.0
Bulgaria,Waste,18.0
Switzerland,Bioexisting,241.0
Switzerland,Nuclear,2970.0
Switzerland,Hydroregulated,5588.0
Switzerland,Hydrorun-of-the-river,605.0
Switzerland,Windonshore,87.0
Switzerland,Waste,422.0
Switzerland,Solar,2943.0
CzechR,Liginiteexisting,7250.0
CzechR,Coalexisting,1200.0
CzechR,Gasexisting,1620.0
CzechR,Bioexisting,410.0
CzechR,Nuclear,4040.0
CzechR,Hydroregulated,753.0
CzechR,Hydrorun-of-the-river,356.0
CzechR,Waste,100.0
CzechR,Windonshore,339.0
CzechR,Solar,2053.0
Germany,Liginiteexisting,19106.0
Germany,Coalexisting,18830.0
Germany,Gasexisting,30553.0
Germany,Oilexisting,3966.0
Germany,Bioexisting,10222.0
Germany,Nuclear,4056.0
Germany,Geo,58.0
Germany,Hydroregulated,1397.0
Germany,Hydrorun-of-the-river,3718.0
Germany,Windonshore,55630.0
Germany,Waste,1599.0
Germany,Windoffshoregrounded,2260.2599999999998
Germany,Solar,56309.0
Denmark,Coalexisting,3165.0
Denmark,Gasexisting,1621.0
Denmark,Oilexisting,997.0
Denmark,Bioexisting,1870.0
Denmark,Hydrorun-of-the-river,7.0
Denmark,Windonshore,4644.0
Denmark,Waste,384.0
Denmark,Windoffshoregrounded,2305.0
Denmark,Solar,1536.0
Estonia,Gasexisting,119.0
Estonia,Oilexisting,1423.0
Estonia,Waste,17.0
Estonia,Bioexisting,143.0
Estonia,Hydrorun-of-the-river,4.0
Estonia,Windonshore,326.0
Estonia,Solar,370.0
Spain,Liginiteexisting,0.0
Spain,Coalexisting,4642.0
Spain,Gasexisting,29927.0
Spain,Oilexisting,669.0
Spain,Bioexisting,702.0
Spain,Nuclear,7117.0
Spain,Waste,565.0
Spain,Hydroregulated,19187.0
Spain,Hydrorun-of-the-river,1155.0
Spain,Windonshore,27735.0
Spain,Solar,14640.0
Finland,Coalexisting,2798.0
Finland,Gasexisting,1935.0
Finland,Oilexisting,1051.0
Finland,Bioexisting,2357.0
Finland,Waste,114.0
Finland,Nuclear,2794.0
Finland,Hydrorun-of-the-river,3167.0
Finland,Windonshore,3184.0
Finland,Solar,7.0
France,Coalexisting,1817.0
France,Gasexisting,11379.0
France,Oilexisting,2755.0
France,Waste,883.0
France,Bioexisting,2907.0
France,Nuclear,61370.0
France,Wave,243.0
France,Hydrorun-of-the-river,11030.0
France,Windonshore,17178.0
France,Solar,13861.0
GreatBrit.,Coalexisting,1491.0
GreatBrit.,Gasexisting,38985.0
GreatBrit.,Oilexisting,0.0
GreatBrit.,Waste,0.0
GreatBrit.,Bioexisting,4572.0
GreatBrit.,Nuclear,9256.0
GreatBrit.,Hydroregulated,0.0
GreatBrit.,Hydrorun-of-the-river,4190.0
GreatBrit.,Windonshore,13219.0
GreatBrit.,Windoffshoregrounded,0.0
GreatBrit.,Solar,13324.0
Greece,Liginiteexisting,2001.0
Greece,Gasexisting,5213.0
Greece,Bioexisting,106.0
Greece,Hydroregulated,2403.0
Greece,Hydrorun-of-the-river,319.0
Greece,Windonshore,4150.0
Greece,Solar,3820.0
Croatia,Coalexisting,217.0
Croatia,Gasexisting,750.0
Croatia,Waste,6.0
Croatia,Bioexisting,111.0
Croatia,Oilexisting,75.0
Croatia,Hydrorun-of-the-river,428.0
Croatia,Hydroregulated,1446.0
Croatia,Windonshore,925.0
Croatia,Solar,96.0
Hungary,Liginiteexisting,1007.0
Hungary,Gasexisting,4011.0
Hungary,Oilexisting,420.0
Hungary,Bioexisting,213.0
Hungary,Nuclear,1910.0
Hungary,Hydroregulated,28.0
Hungary,Hydrorun-of-the-river,30.0
Hungary,Windonshore,323.0
Hungary,Solar,1839.0
Ireland,Liginiteexisting,228.0
Ireland,Coalexisting,1199.0
Ireland,Gasexisting,4265.0
Ireland,Waste,80.0
Ireland,Oilexisting,1272.0
Ireland,Bioexisting,107.0
Ireland,Hydrorun-of-the-river,216.0
Ireland,Windonshore,4300.0
Ireland,Solar,40.0
Italy,Coalexisting,8417.0
Italy,Gasexisting,41961.0
Italy,Oilexisting,1490.0
Italy,Waste,122.0
Italy,Bioexisting,1548.0
Italy,Geo,869.0
Italy,Hydroregulated,4441.0
Italy,Hydrorun-of-the-river,10507.0
Italy,Windonshore,10658.0
Italy,Solar,5137.0
Lithuania,Liginiteexisting,0.0
Lithuania,Gasexisting,1527.0
Lithuania,Waste,70.0
Lithuania,Bioexisting,95.0
Lithuania,Hydrorun-of-the-river,128.0
Lithuania,Windonshore,671.0
Lithuania,Solar,259.0
Luxemb.,Gasexisting,96.0
Luxemb.,Waste,21.0
Luxemb.,Bioexisting,47.0
Luxemb.,Hydroregulated,11.0
Luxemb.,Windonshore,167.0
Luxemb.,Solar,258.0
Latvia,Gasexisting,1162.0
Latvia,Bioexisting,164.0
Latvia,Hydrorun-of-the-river,1588.0
Latvia,Windonshore,87.0
Latvia,Solar,14.0
Macedonia,Liginiteexisting,824.0
Macedonia,Gasexisting,251.0
Macedonia,Oilexisting,189.0
Macedonia,Bioexisting,7.0
Macedonia,Hydroregulated,644.0
Macedonia,Hydrorun-of-the-river,109.0
Macedonia,Windonshore,37.0
Macedonia,Solar,94.0
Netherlands,Coalexisting,4006.0
Netherlands,Gasexisting,18530.0
Netherlands,Bioexisting,572.0
Netherlands,Nuclear,486.0
Netherlands,Waste,763.0
Netherlands,Hydrorun-of-the-river,38.0
Netherlands,Windonshore,7303.0
Netherlands,Windoffshoregrounded,0.0
Netherlands,Solar,16074.0
Poland,Liginiteexisting,7560.0
Poland,Coalexisting,19066.0
Poland,Gasexisting,3705.0
Poland,Oilexisting,393.0
Poland,Bioexisting,642.0
Poland,Waste,0.0
Poland,Hydroregulated,469.0
Poland,Hydrorun-of-the-river,322.0
Poland,Windonshore,7886.0
Poland,Solar,6036.0
Portugal,Coalexisting,576.0
Portugal,Gasexisting,4580.0
Portugal,Oilexisting,0.0
Portugal,Bioexisting,684.0
Portugal,Hydroregulated,1515.0
Portugal,Hydrorun-of-the-river,2857.0
Portugal,Windonshore,5234.0
Portugal,Solar,861.0
Romania,Liginiteexisting,2497.0
Romania,Coalexisting,176.0
Romania,Gasexisting,2218.0
Romania,Bioexisting,116.0
Romania,Nuclear,1300.0
Romania,Hydroregulated,3357.0
Romania,Hydrorun-of-the-river,2780.0
Romania,Windonshore,2957.0
Romania,Solar,1160.0
Serbia,Liginiteexisting,5661.0
Serbia,Gasexisting,486.0
Serbia,Hydrorun-of-the-river,2018.0
Serbia,Hydroregulated,473.0
Serbia,Windonshore,397.0
Sweden,Coalexisting,0.0
Sweden,Gasexisting,1573.0
Sweden,Oilexisting,905.0
Sweden,Bioexisting,5299.0
Sweden,Waste,4613.0
Sweden,Nuclear,7725.0
Sweden,Hydroregulated,16479.0
Sweden,Solar,1417.0
Sweden,Windonshore,9688.0
Slovenia,Liginiteexisting,936.0
Slovenia,Gasexisting,626.0
Slovenia,Bioexisting,13.0
Slovenia,Waste,36.0
Slovenia,Nuclear,696.0
Slovenia,Hydrorun-of-the-river,1127.0
Slovenia,Windonshore,2.0
Slovenia,Solar,286.0
Slovakia,Liginiteexisting,0.0
Slovakia,Coalexisting,2411.0
Slovakia,Gasexisting,0.0
Slovakia,Oilexisting,0.0
Slovakia,Bioexisting,225.0
Slovakia,Waste,6.0
Slovakia,Nuclear,1971.0
Slovakia,Hydrorun-of-the-river,1208.0
Slovakia,Hydroregulated,318.0
Slovakia,Windonshore,3.0
Slovakia,Solar,535.0
NO1,Gasexisting,70.46000000000001
NO1,Waste,0.0
NO1,Bioexisting,7.800000000000001
NO1,Hydroregulated,1172.0
NO1,Hydrorun-of-the-river,2520.0
NO1,Windonshore,384.70000000000005
NO1,Solar,89.0
NO2,Gasexisting,178.86
NO2,Waste,0.0
NO2,Bioexisting,19.8
NO2,Hydroregulated,8834.0
NO2,Hydrorun-of-the-river,2342.0
NO2,Windonshore,1427.05
NO2,Solar,48.0
NO3,Gasexisting,81.3
NO3,Waste,0.0
NO3,Bioexisting,9.0
NO3,Hydroregulated,2177.0
NO3,Hydrorun-of-the-river,2537.0
NO3,Windonshore,2111.875
NO3,Solar,22.0
NO4,Gasexisting,97.56
NO4,Waste,0.0
NO4,Bioexisting,10.799999999999999
NO4,Hydroregulated,3479.0
NO4,Hydrorun-of-the-river,1728.0
NO4,Windonshore,1159.25
NO4,Solar,3.0
NO5,Gasexisting,113.82
NO5,Waste,0.0
NO5,Bioexisting,12.6
NO5,Hydroregulated,6470.0
NO5,Hydrorun-of-the-river,1601.0
NO5,Windonshore,0.0
NO5,Solar,13.0
France,Hydroregulated,8785.0
BosniaH,Hydrorun-of-the-river,291.0
Croatia,Geo,10.0
Luxemb.,Hydrorun-of-the-river,25.0
Serbia,Solar,3.0
MorayFirth,Windoffshoregrounded,588.0
FirthofForth,Windoffshoregrounded,93.2
DoggerBank,Windoffshoregrounded,0.0
Hornsea,Windoffshoregrounded,1218.0
OuterDowsing,Windoffshoregrounded,2185.5
Norfolk,Windoffshoregrounded,60.0
EastAnglia,Windoffshoregrounded,2812.3
Borssele,Windoffshoregrounded,3739.3
HollandseeKust,Windoffshoregrounded,357.0
HelgolanderBucht,Windoffshoregrounded,7166.0
Nordsoen,Windoffshoregrounded,1120.0
UtsiraNord,Windoffshoregrounded,0.0
SorligeNordsjoI,Windoffshoregrounded,0.0
SorligeNordsjoII,Windoffshoregrounded,0.0
MorayFirth,Windoffshorefloating,0.0
FirthofForth,Windoffshorefloating,30.0
UtsiraNord,Windoffshorefloating,0.0
Belgium,Windoffshorefloating,0.0
Germany,Windoffshorefloating,0.0
Denmark,Windoffshorefloating,0.0
GreatBrit.,Windoffshorefloating,0.0
Netherlands,Windoffshorefloating,0.0
