FromNode,ToNode,LineType
Switzerland,Austria,HVAC_OverheadLine
CzechR,Austria,HVAC_OverheadLine
Germany,Austria,HVAC_OverheadLine
Hungary,Austria,HVAC_OverheadLine
Italy,Austria,HVAC_OverheadLine
Slovenia,Austria,HVAC_OverheadLine
Croatia,BosniaH,HVAC_OverheadLine
Serbia,BosniaH,HVAC_OverheadLine
France,Belgium,HVAC_OverheadLine
Luxemb.,Belgium,HVAC_OverheadLine
Netherlands,Belgium,HVAC_OverheadLine
Greece,Bulgaria,HVAC_OverheadLine
Macedonia,Bulgaria,HVAC_OverheadLine
Romania,Bulgaria,HVAC_OverheadLine
Serbia,Bulgaria,HVAC_OverheadLine
Germany,Switzerland,HVAC_OverheadLine
France,Switzerland,HVAC_OverheadLine
Italy,Switzerland,HVAC_OverheadLine
Germany,CzechR,HVAC_OverheadLine
Poland,CzechR,HVAC_OverheadLine
Slovakia,CzechR,HVAC_OverheadLine
Denmark,Germany,HVAC_OverheadLine
France,Germany,HVAC_OverheadLine
Luxemb.,Germany,HVAC_OverheadLine
Netherlands,Germany,HVAC_OverheadLine
NO2,Germany,HVDC_Cable
Poland,Germany,HVAC_OverheadLine
Sweden,Germany,HVDC_Cable
NO2,Denmark,HVDC_Cable
Sweden,Denmark,HVDC_Cable
Finland,Estonia,HVDC_Cable
Latvia,Estonia,HVAC_OverheadLine
France,Spain,HVAC_OverheadLine
Portugal,Spain,HVAC_OverheadLine
NO4,Finland,HVAC_OverheadLine
Sweden,Finland,HVDC_Cable
GreatBrit.,France,HVDC_Cable
Italy,France,HVAC_OverheadLine
Ireland,GreatBrit.,HVDC_Cable
Italy,Greece,HVDC_Cable
Macedonia,Greece,HVAC_OverheadLine
Hungary,Croatia,HVAC_OverheadLine
Serbia,Croatia,HVAC_OverheadLine
Slovenia,Croatia,HVAC_OverheadLine
Romania,Hungary,HVAC_OverheadLine
Serbia,Hungary,HVAC_OverheadLine
Slovakia,Hungary,HVAC_OverheadLine
Slovenia,Italy,HVAC_OverheadLine
Latvia,Lithuania,HVAC_OverheadLine
Serbia,Macedonia,HVAC_OverheadLine
NO2,Netherlands,HVDC_Cable
Sweden,NO1,HVAC_OverheadLine
Sweden,Poland,HVDC_Cable
Slovakia,Poland,HVAC_OverheadLine
Serbia,Romania,HVAC_OverheadLine
GreatBrit.,Belgium,HVDC_Cable
Netherlands,GreatBrit.,HVDC_Cable
NO2,GreatBrit.,HVDC_Cable
NO5,GreatBrit.,HVDC_Cable
Sweden,Lithuania,HVDC_Cable
Netherlands,Denmark,HVDC_Cable
Poland,Lithuania,HVAC_OverheadLine
GreatBrit.,Denmark,HVDC_Cable
Italy,BosniaH,HVDC_Cable
Italy,Croatia,HVDC_Cable
Slovakia,Austria,HVAC_OverheadLine
Germany,Belgium,HVAC_OverheadLine
NO2,Belgium,HVDC_Cable
Italy,Germany,HVAC_OverheadLine
Poland,Denmark,HVDC_Cable
Sweden,Estonia,HVDC_Cable
Ireland,Spain,HVDC_Cable
Ireland,France,HVDC_Cable
Luxemb.,France,HVAC_OverheadLine
Poland,Hungary,HVAC_OverheadLine
Slovenia,Hungary,HVAC_OverheadLine
Sweden,Latvia,HVDC_Cable
NO2,NO1,HVAC_OverheadLine
NO3,NO1,HVAC_OverheadLine
NO5,NO1,HVAC_OverheadLine
NO5,NO2,HVAC_OverheadLine
NO4,NO3,HVAC_OverheadLine
NO5,NO3,HVAC_OverheadLine
Sweden,NO3,HVAC_OverheadLine
Sweden,NO4,HVAC_OverheadLine
Austria,Switzerland,HVAC_OverheadLine
Austria,CzechR,HVAC_OverheadLine
Austria,Germany,HVAC_OverheadLine
Austria,Hungary,HVAC_OverheadLine
Austria,Italy,HVAC_OverheadLine
Austria,Slovenia,HVAC_OverheadLine
BosniaH,Croatia,HVAC_OverheadLine
BosniaH,Serbia,HVAC_OverheadLine
Belgium,France,HVAC_OverheadLine
Belgium,Luxemb.,HVAC_OverheadLine
Belgium,Netherlands,HVAC_OverheadLine
Bulgaria,Greece,HVAC_OverheadLine
Bulgaria,Macedonia,HVAC_OverheadLine
Bulgaria,Romania,HVAC_OverheadLine
Bulgaria,Serbia,HVAC_OverheadLine
Switzerland,Germany,HVAC_OverheadLine
Switzerland,France,HVAC_OverheadLine
Switzerland,Italy,HVAC_OverheadLine
CzechR,Germany,HVAC_OverheadLine
CzechR,Poland,HVAC_OverheadLine
CzechR,Slovakia,HVAC_OverheadLine
Germany,Denmark,HVAC_OverheadLine
Germany,France,HVAC_OverheadLine
Germany,Luxemb.,HVAC_OverheadLine
Germany,Netherlands,HVAC_OverheadLine
Germany,NO2,HVDC_Cable
Germany,Poland,HVAC_OverheadLine
Germany,Sweden,HVDC_Cable
Denmark,NO2,HVDC_Cable
Denmark,Sweden,HVDC_Cable
Estonia,Finland,HVDC_Cable
Estonia,Latvia,HVAC_OverheadLine
Spain,France,HVAC_OverheadLine
Spain,Portugal,HVAC_OverheadLine
Finland,NO4,HVAC_OverheadLine
Finland,Sweden,HVDC_Cable
France,GreatBrit.,HVDC_Cable
France,Italy,HVAC_OverheadLine
GreatBrit.,Ireland,HVDC_Cable
Greece,Italy,HVDC_Cable
Greece,Macedonia,HVAC_OverheadLine
Croatia,Hungary,HVAC_OverheadLine
Croatia,Serbia,HVAC_OverheadLine
Croatia,Slovenia,HVAC_OverheadLine
Hungary,Romania,HVAC_OverheadLine
Hungary,Serbia,HVAC_OverheadLine
Hungary,Slovakia,HVAC_OverheadLine
Italy,Slovenia,HVAC_OverheadLine
Lithuania,Latvia,HVAC_OverheadLine
Macedonia,Serbia,HVAC_OverheadLine
Netherlands,NO2,HVDC_Cable
NO1,Sweden,HVAC_OverheadLine
Poland,Sweden,HVDC_Cable
Poland,Slovakia,HVAC_OverheadLine
Romania,Serbia,HVAC_OverheadLine
Belgium,GreatBrit.,HVDC_Cable
GreatBrit.,Netherlands,HVDC_Cable
GreatBrit.,NO2,HVDC_Cable
Lithuania,Sweden,HVDC_Cable
Denmark,Netherlands,HVDC_Cable
Lithuania,Poland,HVAC_OverheadLine
Denmark,GreatBrit.,HVDC_Cable
BosniaH,Italy,HVDC_Cable
Croatia,Italy,HVDC_Cable
Austria,Slovakia,HVAC_OverheadLine
Belgium,Germany,HVAC_OverheadLine
Belgium,NO2,HVDC_Cable
Germany,Italy,HVAC_OverheadLine
Denmark,Poland,HVDC_Cable
Estonia,Sweden,HVDC_Cable
Spain,Ireland,HVDC_Cable
France,Ireland,HVDC_Cable
France,Luxemb.,HVAC_OverheadLine
Hungary,Poland,HVAC_OverheadLine
Hungary,Slovenia,HVAC_OverheadLine
Latvia,Sweden,HVDC_Cable
NO1,NO2,HVAC_OverheadLine
NO1,NO3,HVAC_OverheadLine
NO1,NO5,HVAC_OverheadLine
NO2,NO5,HVAC_OverheadLine
NO3,NO4,HVAC_OverheadLine
NO3,NO5,HVAC_OverheadLine
NO3,Sweden,HVAC_OverheadLine
NO4,Sweden,HVAC_OverheadLine
GreatBrit.,NO5,HVDC_Cable
